pair,mech,recent_default,hist_default,recent_step5,hist_step5,recent_step15,hist_step15,recent_bd20_80,hist_bd20_80,recent_bd35_65,hist_bd35_65,recent_static,hist_static
sp500-12m/same_sector_slide1m_bd7 + sp500-12m/cross_sector_slide1m_noscreen,A,1.166571095096303,0.3152523243519935,1.1304699157188742,0.3209839926573874,1.1834903442713907,0.3599481920085201,1.1452356108973285,0.2531509449370734,1.1848756186611349,0.4029688901844384,1.2956837539833825,0.4233220825066705
sp500-12m/same_sector_slide1m_bd7 + sp500-12m/cross_sector_slide1m_noscreen,B,1.1237744838628478,0.28165262821006265,1.0724968770739292,0.2667292277254957,1.1491361195744096,0.326174945797273,1.1058109870367678,0.2250865240970961,1.1327003121046442,0.3607881230653822,1.152656017586308,0.3655191480730313
sp500-12m/same_sector_slide3m_noscreen + sp500-12m/cross_sector_slide1m_noscreen,A,1.0625028089580446,0.5764584913549876,1.127249424970813,0.4492872068408419,1.0915662473479644,0.6972558518653935,1.01993769862135,0.5586848256266592,1.1852538792612122,0.6382216560753902,1.5935517207794208,0.4592060326779495
sp500-12m/same_sector_slide3m_noscreen + sp500-12m/cross_sector_slide1m_noscreen,B,1.0437694102738013,0.5291739512848873,1.089912712757545,0.40092726180496246,1.0832722150817453,0.6529094742090376,1.006817703760983,0.5091520609739882,1.1562169112345266,0.5965203441172503,1.5046952825752486,0.4219734092759979
sp500-12m/same_sector_slide3m_noscreen + sp500-12m/cross_sector_slide3m_bd7,A,1.0663107871413353,0.45525522435390114,1.1251355479740874,0.3425085247412106,1.1150114642848417,0.4942245640154011,1.1090449998045926,0.41137253164565807,1.0921048903752328,0.5073133087449072,1.5784382214973876,0.48793795593126943
sp500-12m/same_sector_slide3m_noscreen + sp500-12m/cross_sector_slide3m_bd7,B,1.0629764365926793,0.4372083569868141,1.1193566488148308,0.3232177379066733,1.110640990730632,0.4793866075531686,1.1035647845956342,0.39023984011541857,1.0902235890222562,0.49578902643420386,1.5616165308162748,0.48181515968008864
sp500-2m/cross_sector_slide3m_noscreen + sp500-12m/cross_sector_slide1m_noscreen,A,0.9068027821670772,0.6682728792055483,0.8413032329575741,0.7201557020461538,0.8990931854418446,0.6234990121854879,0.870126495503355,0.6878218992037903,0.9313510478765032,0.6616001018540699,1.3293078145608865,0.6803095641974467
sp500-2m/cross_sector_slide3m_noscreen + sp500-12m/cross_sector_slide1m_noscreen,B,0.9043467110757245,0.6454460008693297,0.8247855932754357,0.692621569648689,0.9023113804310285,0.5928707414873431,0.8726994255941135,0.6682248501578874,0.9128254192887716,0.6333751616224559,1.2084785602398938,0.6723557998590648
sp500-2m/same_sector_slide3m_noscreen + sp500-12m/cross_sector_slide1m_noscreen,A,1.0818156421112188,0.42055396041544185,1.060562094457872,0.25063393259244937,1.1052619541590416,0.48593316792922336,1.060596737369083,0.3431069387733855,1.0998662836780806,0.4462806970273469,1.4583637812007206,0.387329363350056
sp500-2m/same_sector_slide3m_noscreen + sp500-12m/cross_sector_slide1m_noscreen,B,1.0508653254373972,0.4086953204003144,1.0173706194507535,0.23085826797581213,1.0812464481221595,0.476644009820703,1.035346370670007,0.33368808802528643,1.0556503528298267,0.4298367497289893,1.2668659872841994,0.34058424546001115
sp500-12m/same_sector_slide3m_noscreen + sp500-12m/same_sector_slide1m_noscreen,A,1.1372859567050235,0.5573072343858518,1.1556517965306146,0.48847391191183065,1.1070339445440769,0.5572628375884247,1.1487440686584078,0.5786815770553816,1.1073012643389137,0.47934166695881175,1.3615956463222527,0.36747123544917437
sp500-12m/same_sector_slide3m_noscreen + sp500-12m/same_sector_slide1m_noscreen,B,1.08057525057879,0.5976371199061475,1.1034535342664042,0.530743451473938,1.0466329191226806,0.5950080348341272,1.090554264228617,0.6227489414992265,1.0539740431487703,0.5119222667847745,1.2651879661679148,0.38893506310165216
sp500-2m/same_sector_slide3m_bd7 + sp500-12m/cross_sector_slide1m_noscreen,A,1.1614103930417292,0.31973728052317674,1.0680325661458365,0.2763320679816828,1.2004338326261272,0.3850918364498019,1.1255296669694794,0.242869704245014,1.1858214042648165,0.4012656372263407,0.9246740385798856,0.40277387571871315
sp500-2m/same_sector_slide3m_bd7 + sp500-12m/cross_sector_slide1m_noscreen,B,1.136312757278191,0.2914371988766398,1.021522659126466,0.23797100357933137,1.1867340494965242,0.35945890369817834,1.1069321407739283,0.2180322956672128,1.1416558290909755,0.36812050360207865,0.8977044030170402,0.3468819402613317
core-12m/same_sector_slide1m_bd7 + sp500-12m/cross_sector_slide1m_noscreen,A,1.275360898495416,0.32003931978824907,1.2921047349226527,0.3417446016914767,1.2689932033356028,0.28233376793201465,1.28460012817545,0.3625412147848985,1.2680233536506966,0.2970872999833749,1.3332361531783627,0.33211973397738653
core-12m/same_sector_slide1m_bd7 + sp500-12m/cross_sector_slide1m_noscreen,B,1.2059529330276149,0.24429447933469647,1.2087670960991896,0.2644882259706583,1.2099087963762918,0.20870015595605654,1.2219199984244087,0.2779411531453384,1.1834380130456932,0.2367529349860218,1.1343387684939426,0.2716432318193227
sp500-12m/cross_sector_slide3m_bd7 + sp500-12m/cross_sector_slide1m_noscreen,A,1.2835577882136315,0.2888668599842649,1.2651342460597599,0.3000879401608458,1.2954580199198635,0.26598092732438855,1.2931901343283774,0.27503610907394066,1.275745938361606,0.30855201892261086,1.4252583569555424,0.3954609549225096
sp500-12m/cross_sector_slide3m_bd7 + sp500-12m/cross_sector_slide1m_noscreen,B,1.194814222559125,0.23344212339307185,1.1638647050341846,0.2462357023103204,1.215536075292408,0.2066300705802649,1.2044122530287071,0.22090883761288427,1.182218733508876,0.2503333662017247,1.2420817530993509,0.3398626059187076
sp500-2m/cross_sector_slide3m_bd7 + sp500-12m/cross_sector_slide1m_noscreen,A,0.8257055440340011,1.1388109709584442,0.7823268279245527,1.1097562871276572,0.8630162914761467,1.1383342222878619,0.82895253476734,1.174416632515545,0.8077535443965431,1.0468965550708553,1.325685322502297,0.9216318496383412
sp500-2m/cross_sector_slide3m_bd7 + sp500-12m/cross_sector_slide1m_noscreen,B,0.817351770015847,1.0935064346075734,0.7530863949923251,1.063211002854653,0.8661801179080754,1.095637204946688,0.8237895733266003,1.1281183803070391,0.7846779677383353,1.0054116370992672,1.1166480772647291,0.8998246289718479
core-2m/same_sector_slide1m_bd7 + sp500-12m/cross_sector_slide1m_noscreen,A,1.224378742455552,0.4111728942290201,1.2570667388198091,0.3313038110258692,1.3171193665848229,0.3812151758600799,1.1558776159045319,0.46364557302459747,1.4068848770360423,0.26562788961078254,1.4583471570076996,0.26517663838109556
core-2m/same_sector_slide1m_bd7 + sp500-12m/cross_sector_slide1m_noscreen,B,1.1895813009933887,0.3513674775877578,1.2001924075417734,0.2704529077342064,1.2892101942373684,0.32294037078005655,1.1262216520232957,0.3991782357052804,1.354068543838754,0.21736689841506643,1.339848599969295,-0.6906310180682097
sp500-12m/same_sector_slide1m_noscreen + sp500-12m/cross_sector_slide1m_noscreen,A,1.3848631466883028,0.351458411916058,1.4104605666141823,0.3880499628500158,1.40853355958686,0.38039010807043355,1.3300387146174166,0.34009788801347796,1.4804800450175428,0.4022745753789468,1.5796668206168814,0.3968169179977462
sp500-12m/same_sector_slide1m_noscreen + sp500-12m/cross_sector_slide1m_noscreen,B,1.2907423749231206,0.31184414057530285,1.3004910481975167,0.3525343556211812,1.3244274834577523,0.3260555030355264,1.2407902769093102,0.308725766701465,1.3815017029802212,0.3660818463665465,1.4660012979906742,0.3780311603368079
sp500-2m/same_sector_slide3m_noscreen + sp500-12m/same_sector_slide1m_noscreen,A,1.0350580190303877,0.42047671557534766,1.036205732808193,0.4440792154495381,0.9774530691463691,0.3960871759730568,1.0402203124143226,0.44855117465471206,0.9918599416205416,0.36566852498176594,1.4013737128458787,0.31970695166491914
sp500-2m/same_sector_slide3m_noscreen + sp500-12m/same_sector_slide1m_noscreen,B,0.9707241069553605,0.43140976967143146,0.9877219865545619,0.4580601974336674,0.9048856169513153,0.4058989031813282,0.9766103358665101,0.45421822197356915,0.9331340723720053,0.3894243671496983,1.3238852164129513,0.3709740820199923
sp500-2m/cross_sector_slide3m_bd7 + sp500-12m/same_sector_slide1m_noscreen,A,0.8678914239046318,0.8064236341614045,0.863454356725513,0.8112036497721282,0.8103334069023469,0.7989006249207201,0.9224080482910751,0.8170255118888111,0.7454082167855808,0.8095355742953668,1.3115750184114876,0.8993238084244382
sp500-2m/cross_sector_slide3m_bd7 + sp500-12m/same_sector_slide1m_noscreen,B,0.8266199968597407,0.8657686896281693,0.8254560665547245,0.8733533289151942,0.7668019162851538,0.8580184973304454,0.8795360343400227,0.8801393491986709,0.7074308475835643,0.8619878584829599,1.224521068038998,0.9143245459435687
core-2m/same_sector_slide1m_noscreen + sp500-12m/cross_sector_slide1m_noscreen,A,1.3643914547245537,0.32857352513606636,1.3891349683930478,0.3131964273832592,1.3237499639836925,0.2754829777278026,1.3484607034223917,0.42518342710442786,1.3723816632380732,0.1587635245335822,1.5028531277172745,-0.3853963470517161
core-2m/same_sector_slide1m_noscreen + sp500-12m/cross_sector_slide1m_noscreen,B,1.4256164774532452,0.29122676991756336,1.4392468051499854,0.2773254693019402,1.397979754779279,0.2372048767415362,1.4091397360450193,0.3790751685120206,1.4382537028020654,0.13813974956680988,1.4743645797522296,-0.1689486133468236
sp500-2m/same_sector_slide1m_noscreen + sp500-12m/cross_sector_slide1m_noscreen,A,1.0940201161893315,0.4905770314007462,1.0540274943965753,0.46561474280035964,1.094790830611325,0.5341248439328511,1.0535721412675274,0.46196972770824396,1.1176183608124537,0.5127405426578631,1.3723623452121796,0.44677765585371393
sp500-2m/same_sector_slide1m_noscreen + sp500-12m/cross_sector_slide1m_noscreen,B,0.9150374566410477,0.535509768918187,0.8582440438430603,0.4958634205505164,0.9241466098184994,0.5883381273901326,0.8872701174767614,0.5038115886017921,0.9088225229022642,0.5587973869514015,1.1686621439648048,0.45220674071697664
core-2m/same_sector_slide1m_noscreen + sp500-12m/cross_sector_slide3m_bd7,A,1.1874040793179523,0.3742329817324971,1.1660866810416053,0.2182446041581318,1.1860770359633455,0.3163474870614268,1.167573380505506,0.48978173462290625,1.1606776409105004,0.1905648247385992,1.3087090534961678,-0.44489666753386947
core-2m/same_sector_slide1m_noscreen + sp500-12m/cross_sector_slide3m_bd7,B,1.3447251585359798,0.4006007302365806,1.32975678477204,0.23625890588433718,1.3466989866990982,0.33913814660837327,1.3203128416012224,0.5122874080268053,1.331603115095182,0.21964234085365494,1.4881187662253934,-0.3594144387629162
