pair,window,mech,alpha_ann,alpha_tstat,alpha_pval,rsquared,adj_rsquared,n_obs,const_beta,const_pval,Mkt-RF_beta,Mkt-RF_pval,SMB_beta,SMB_pval,HML_beta,HML_pval,Mom_beta,Mom_pval,ST_Rev_beta,ST_Rev_pval
sp500-12m/cross_sector_slide1m_noscreen + sp500-12m/same_sector_slide3m_noscreen,historical,A,0.016523625713434142,0.45892039184703565,0.6462913345711279,0.05244662890626883,0.04865641542189392,1256,6.556994330727834e-05,0.6462913345711279,0.08273295079094328,2.4291548887676706e-05,-0.048159416028732645,0.12069998139313581,0.009049733175361476,0.7839976513197535,0.009321293031475438,0.6727081942763528,0.12061626283837083,0.002554037159007107
sp500-12m/cross_sector_slide1m_noscreen + sp500-12m/same_sector_slide3m_noscreen,historical,B,0.012509316578187013,0.3494574558694994,0.7267459051854659,0.0532642455258181,0.04947730250792137,1256,4.964014515153577e-05,0.7267459051854659,0.08242808024410465,2.3569704928459512e-05,-0.046299998111128025,0.1320584679183052,0.009649821778975566,0.7693525193626611,0.010583153063062088,0.6310357424928377,0.12144883870303338,0.0024045647711930847
sp500-12m/cross_sector_slide1m_noscreen + sp500-12m/same_sector_slide3m_noscreen,recent,A,0.055590812074727526,0.8970061476840153,0.3697156365873213,0.08590512243697024,0.07655854904675508,495,0.0002205984606139981,0.3697156365873213,0.11387512281091138,0.12692705239853944,-0.02002447694096894,0.7762925452124709,-0.055158073305304776,0.28502922425540966,-0.03679713941715164,0.5130900154911723,0.14680038000157108,0.013973378353052096
sp500-12m/cross_sector_slide1m_noscreen + sp500-12m/same_sector_slide3m_noscreen,recent,B,0.06007230145450685,0.9719905980946886,0.33105522591777004,0.0897359096873146,0.08042850590088624,495,0.00023838214862899543,0.33105522591777004,0.11542845739232897,0.11708414922927578,-0.02179204111659091,0.7553883720559902,-0.0597054419777522,0.24473863000134488,-0.04085798190916096,0.46269147647376696,0.1487955198226065,0.011961130983834016
sp500-12m/cross_sector_slide1m_noscreen + sp500-2m/cross_sector_slide3m_bd7,historical,A,0.057092640837681057,1.7895622518147178,0.07352431146701173,0.02830656847394175,0.024416682839329962,1255,0.0002265580985622264,0.07352431146701173,0.03996131061609853,0.20932806484733457,-0.059192320300929954,0.18476135836209517,-0.03642784481699245,0.14935613256641755,0.014353225526154893,0.5701989989610188,0.08387031466200527,0.025777081384338693
sp500-12m/cross_sector_slide1m_noscreen + sp500-2m/cross_sector_slide3m_bd7,historical,B,0.05374368714434413,1.680571005707033,0.09284627154179412,0.028726773806955208,0.02483857033940906,1255,0.0002132685997791434,0.09284627154179412,0.03952301556648797,0.21536055488061034,-0.057829178057605755,0.19531739776643808,-0.03620565105247584,0.15132083385374942,0.016381130191252022,0.5176059710103689,0.08538281808315047,0.023226156173229574
sp500-12m/cross_sector_slide1m_noscreen + sp500-2m/cross_sector_slide3m_bd7,recent,A,-0.050450069463987515,-1.0573942901306401,0.2903316763477988,0.18816883631673376,0.17972984293125283,487,-0.00020019868834915682,0.2903316763477988,0.19289633965232594,0.016301549172567428,-0.12564836454310635,0.0635290870742572,-0.042628069236891095,0.32507548802508435,-0.0519453956293774,0.35748982638089466,0.11644018682553336,0.047426035699902905
sp500-12m/cross_sector_slide1m_noscreen + sp500-2m/cross_sector_slide3m_bd7,recent,B,-0.042736852085586856,-0.8926761579446867,0.37203062184570723,0.19383794569645907,0.18545788276191089,487,-0.00016959068287931292,0.37203062184570723,0.19364888688205442,0.014717353971138974,-0.12615878071171707,0.06081700945930617,-0.04782817121171886,0.2647507823799016,-0.054122663267396114,0.33370034051436404,0.11993521167300703,0.0398444233628505
sp500-12m/cross_sector_slide1m_noscreen + sp500-2m/cross_sector_slide3m_noscreen,historical,A,0.035545328205374434,0.9301526377928925,0.35229206018927783,0.017411763404363234,0.01348141045798068,1256,0.0001410528897038668,0.35229206018927783,0.05759307815452718,0.035711554487655256,-0.05610685550196977,0.13026009271695466,-0.015789465281047733,0.691558898120854,0.019839601719284602,0.5154302228102023,0.05761511898051452,0.1685655799001352
sp500-12m/cross_sector_slide1m_noscreen + sp500-2m/cross_sector_slide3m_noscreen,historical,B,0.03365953795027277,0.8716248625805317,0.38341306263016384,0.01792525933533151,0.01399696037267284,1256,0.00013356959504076497,0.38341306263016384,0.05720362330864528,0.03764915151440926,-0.057153497670440256,0.12643481465128797,-0.01482027421558938,0.709299176047707,0.023179871713702407,0.45086878352500315,0.061059412984848654,0.14582149673092912
sp500-12m/cross_sector_slide1m_noscreen + sp500-2m/cross_sector_slide3m_noscreen,recent,A,-0.07986412625617591,-1.2425474683487556,0.21403463806897982,0.16758518720244453,0.1589680566351821,489,-0.000316921135937206,0.21403463806897982,0.23530876788354144,0.007780457522444572,-0.13279375083337835,0.07153098595958873,0.017630259054869365,0.7475758111156341,-0.03877785143071641,0.5474974074017507,0.1557729505986075,0.017921359403960616
sp500-12m/cross_sector_slide1m_noscreen + sp500-2m/cross_sector_slide3m_noscreen,recent,B,-0.07140890099221744,-1.1067524530922594,0.2684009703268282,0.16943492180189468,0.16083693962593082,489,-0.0002833686547310216,0.2684009703268282,0.23533177073115702,0.007147731466611235,-0.13290691249804956,0.07010932189803482,0.012396416455215742,0.8207393995344572,-0.04050644875078132,0.5269463679929823,0.15947163900931852,0.014864034251132122
sp500-12m/cross_sector_slide1m_noscreen + sp500-2m/same_sector_slide1m_noscreen,historical,A,0.0026255473018371688,0.09722459393574091,0.9225480374275993,0.07417783644702758,0.07047750805552899,1257,1.0418838499353844e-05,0.9225480374275993,0.07696900590420575,7.883652992974418e-06,-0.04293640037728993,0.09254817586965451,0.007105281341219763,0.7875063996785161,0.015914053827339507,0.3087377442568652,0.10743880790279756,0.00045023186851814964
sp500-12m/cross_sector_slide1m_noscreen + sp500-2m/same_sector_slide1m_noscreen,historical,B,0.005622378603321246,0.20451652062763787,0.8379498832280758,0.07254242554093127,0.0688355607349399,1257,2.2311026203655738e-05,0.8379498832280758,0.07503239568515929,1.5159658192359056e-05,-0.04486776020034319,0.08081566430925302,0.004536582726566773,0.86478959981763,0.013507527008250027,0.39307984158194054,0.10971920833359303,0.0003677062629384945
sp500-12m/cross_sector_slide1m_noscreen + sp500-2m/same_sector_slide1m_noscreen,recent,A,0.005982674750382643,0.12412778899675185,0.9012140958674819,0.14972725518931485,0.1411386416053685,501,2.374077281897874e-05,0.9012140958674819,0.1575888431256763,0.024075325521758652,-0.051725000847284264,0.39724039990450544,-0.020789772039860058,0.58250409158241,-0.018879645562410858,0.7014261676497535,0.12353541509587268,0.020698893352022355
sp500-12m/cross_sector_slide1m_noscreen + sp500-2m/same_sector_slide1m_noscreen,recent,B,0.020150485761422206,0.3915263455268842,0.6954082188385323,0.15134559645023726,0.1427733297477144,501,7.996224508500876e-05,0.6954082188385323,0.15777839320382323,0.022819855263314485,-0.04864317955587801,0.43099107626954336,-0.02896715111773455,0.4495225788009328,-0.019599828939214175,0.6897478272875086,0.12744366931830248,0.01670982990818994
sp500-12m/same_sector_slide1m_noscreen + sp500-12m/same_sector_slide3m_noscreen,historical,A,0.014240090708571249,0.36862258256835967,0.7124090607434483,0.06347892498796348,0.05970567327558618,1247,5.650829646258432e-05,0.7124090607434483,0.10206980499292141,0.0001140299549992516,-0.056101979220753155,0.09302434668841722,-0.006242726028616162,0.8538121201240777,0.022772446153367938,0.3632967139953486,0.14205260448557727,0.0001308862596940899
sp500-12m/same_sector_slide1m_noscreen + sp500-12m/same_sector_slide3m_noscreen,historical,B,0.017070315743410103,0.4487737173754518,0.6535949002657004,0.06558615723315553,0.061821395578172234,1247,6.773934818813533e-05,0.6535949002657004,0.1027738045627183,9.386578786006072e-05,-0.05742959088676825,0.08250841711628888,-0.006839699654710684,0.8391032377218035,0.020323130270471768,0.417840520365077,0.14249951267735292,0.00013610443953070546
sp500-12m/same_sector_slide1m_noscreen + sp500-12m/same_sector_slide3m_noscreen,recent,A,0.058783387611422454,0.8445398867893048,0.39836778430829733,0.13395094240092642,0.1250774889419194,494,0.0002332674111564383,0.39836778430829733,0.1432625933197068,0.16728747166318103,-0.08225256878577077,0.36774906690618603,-0.11795599049260112,0.04714547427956402,-0.041190064583515394,0.5751875501769979,0.22470555204083384,0.002321585280577821
sp500-12m/same_sector_slide1m_noscreen + sp500-12m/same_sector_slide3m_noscreen,recent,B,0.06426856638724747,0.8992601002472506,0.3685141346098273,0.12940480655153097,0.12048477383177203,494,0.0002550339936001884,0.3685141346098273,0.14688588349885925,0.14969871441722782,-0.0907567657633601,0.3205603534652264,-0.1113223383887459,0.060482117152883694,-0.04984002009997422,0.4944228945337815,0.2230802788010604,0.002425509543777432
sp500-12m/same_sector_slide1m_noscreen + sp500-2m/cross_sector_slide3m_bd7,historical,A,0.029460782065596082,0.9244210284016922,0.35526715046247115,0.04880728496292297,0.044993360684506545,1253,0.000116907865339667,0.35526715046247115,0.05732954582424878,0.054020971206524764,-0.05737024975621974,0.15722176285571168,-0.042390917074506304,0.10838305203193138,0.02303742905636203,0.33252624409018505,0.11025076493995654,0.0017436967269430122
sp500-12m/same_sector_slide1m_noscreen + sp500-2m/cross_sector_slide3m_bd7,historical,B,0.03287162001376358,1.0470905852583954,0.2950578010964716,0.05077307556518884,0.04696703336617203,1253,0.0001304429365625539,0.2950578010964716,0.058630465611040544,0.047296147011753546,-0.05974907699542924,0.13759128343024107,-0.04279430139011065,0.10305578410414541,0.020858033122062178,0.37861078080986565,0.11072060033399078,0.001639482998433748
sp500-12m/same_sector_slide1m_noscreen + sp500-2m/cross_sector_slide3m_bd7,recent,A,-0.032644813385522706,-0.720286466748756,0.47134863544983574,0.26826551215489536,0.2607682325663184,494,-0.00012954291026001075,0.47134863544983574,0.19779183756684648,0.07003185616578297,-0.16078218751384443,0.07827155645751352,-0.12402004237714255,0.009147491662697725,-0.06767488895808597,0.342685765530337,0.20859930600961984,0.0035347671394826254
sp500-12m/same_sector_slide1m_noscreen + sp500-2m/cross_sector_slide3m_bd7,recent,B,-0.02414887098145142,-0.5238301397398607,0.6003966882377816,0.26564321731540197,0.2581190699518302,494,-9.58288531009977e-05,0.6003966882377816,0.20146634662665297,0.061090871940958455,-0.16645238959536146,0.065523765293906,-0.11751825392846897,0.013213708308362365,-0.07534451007090003,0.2869268166463722,0.2087717611910159,0.0032458696021262566
