A,B,joined_sh,joined_ret,rec,hist,score,joined_rank,score_rank
sp500-12m/cross_sector_slide1m_noscreen,sp500-2m/cross_sector_slide3m_bd7,1.04266998359892,0.076450853016774,0.8257055440339996,1.1388109709584444,0.8257055440339996,1,1
sp500-12m/same_sector_slide3m_noscreen,sp500-2m/cross_sector_slide3m_bd7,0.910050493930485,0.0812064176015097,0.5198133581451636,1.0850032772971125,0.5198133581451636,2,16
sp500-12m/cross_sector_slide1m_bd7,sp500-2m/cross_sector_slide3m_bd7,0.9019315612262804,0.0570034237226238,0.324674103545098,1.1324055863920768,0.324674103545098,3,65
sp500-12m/same_sector_slide1m_noscreen,sp500-2m/cross_sector_slide3m_bd7,0.8184499479200893,0.0622320980591749,0.8678914239046328,0.8064236341614038,0.8064236341614038,4,2
sp500-12m/same_sector_slide1m_bd7,sp500-2m/cross_sector_slide3m_bd7,0.7764669273390806,0.0524752585212966,0.19353530915314945,1.0085665828707808,0.19353530915314945,5,118
sp500-12m/same_sector_slide1m_noscreen,sp500-12m/same_sector_slide3m_noscreen,0.7474740075447183,0.0706923809432936,1.137285956705023,0.5573072343858517,0.5573072343858517,6,10
sp500-12m/same_sector_slide3m_bd7,sp500-2m/cross_sector_slide3m_bd7,0.7367373066107417,0.0534322312709552,-0.0024000153973238623,1.030708071843664,-0.0024000153973238623,7,220
sp500-12m/cross_sector_slide1m_noscreen,sp500-12m/same_sector_slide3m_noscreen,0.7290127801633746,0.060864872350513,1.0625028089580442,0.5764584913549875,0.5764584913549875,8,7
sp500-12m/cross_sector_slide1m_noscreen,sp500-2m/cross_sector_slide3m_noscreen,0.7268187674078275,0.0630745770919065,0.9068027821670783,0.6682728792055485,0.6682728792055485,9,4
sp500-12m/same_sector_slide3m_noscreen,sp500-2m/cross_sector_slide3m_noscreen,0.7197385699191675,0.0769297997711133,0.7344396295059252,0.7041301073317419,0.7041301073317419,10,3
sp500-12m/cross_sector_slide1m_noscreen,sp500-12m/same_sector_slide1m_noscreen,0.6889787271772148,0.0500333869389394,1.3848631466883037,0.35145841191605925,0.35145841191605925,11,53
sp500-12m/cross_sector_slide1m_bd7,sp500-2m/cross_sector_slide3m_noscreen,0.6854620630991008,0.0518629121656541,0.549520126315642,0.7634656814527465,0.549520126315642,12,11
sp500-2m/same_sector_slide3m_bd7,sp500-2m/cross_sector_slide3m_bd7,0.6842384758711995,0.0511622172953786,0.12860052869542676,0.8976157098761123,0.12860052869542676,13,150
sp500-12m/cross_sector_slide1m_noscreen,sp500-2m/same_sector_slide1m_noscreen,0.6807050125796617,0.0438641921582792,1.0940201161893328,0.4905770314007456,0.4905770314007456,14,20
sp500-12m/cross_sector_slide1m_noscreen,core-2m/same_sector_slide1m_noscreen,0.6615780605299648,0.0416125563654659,1.3643914547245521,0.32857352513606336,0.32857352513606336,15,62
sp500-12m/cross_sector_slide1m_noscreen,core-2m/same_sector_slide1m_bd7,0.6602353560366321,0.0377889192467488,1.2243787424555514,0.41117289422902076,0.41117289422902076,16,37
sp500-12m/same_sector_slide3m_bd7,sp500-2m/cross_sector_slide3m_noscreen,0.6509900173186078,0.0570085543446629,0.4661849274235917,0.722467031952597,0.4661849274235917,17,22
sp500-12m/same_sector_slide3m_noscreen,sp500-2m/cross_sector_slide1m_noscreen,0.6348714655943943,0.0536817018875664,0.8596635167851765,0.5308802678614489,0.5308802678614489,18,14
sp500-12m/cross_sector_slide1m_noscreen,core-12m/same_sector_slide1m_bd7,0.6328238301001499,0.0338710086502595,1.2753608984954155,0.32003931978824973,0.32003931978824973,19,66
sp500-2m/cross_sector_slide3m_noscreen,sp500-2m/cross_sector_slide3m_bd7,0.628969605768991,0.0730974754770018,0.18100699773805892,0.7995399867571694,0.18100699773805892,20,128
sp500-12m/same_sector_slide3m_noscreen,sp500-2m/same_sector_slide3m_noscreen,0.6286896639757036,0.0578116329734568,0.6757270943509923,0.6025912200121892,0.6025912200121892,21,5
sp500-12m/cross_sector_slide1m_noscreen,sp500-2m/same_sector_slide3m_noscreen,0.6286625723427902,0.0462388053450685,1.0818156421112186,0.42055396041544135,0.42055396041544135,22,34
sp500-12m/cross_sector_slide1m_noscreen,sp500-12m/cross_sector_slide1m_bd7,0.6260529494263378,0.0424480984647513,1.1207698801938881,0.39546552900276044,0.39546552900276044,23,41
sp500-12m/cross_sector_slide1m_bd7,sp500-12m/same_sector_slide3m_noscreen,0.6199101377577911,0.0456978228211704,0.8221518661828091,0.5190537417487864,0.5190537417487864,24,17
sp500-12m/same_sector_slide1m_noscreen,sp500-2m/same_sector_slide3m_noscreen,0.6197722656783553,0.0482941334319496,1.0350580190303869,0.4204767155753452,0.4204767155753452,25,35
sp500-12m/cross_sector_slide1m_noscreen,sp500-2m/cross_sector_slide1m_noscreen,0.61913034291017,0.0419605870035505,1.1553186598685614,0.3679269937183251,0.3679269937183251,26,47
sp500-12m/cross_sector_slide3m_bd7,sp500-12m/same_sector_slide3m_noscreen,0.619070289607011,0.0533076597862541,1.0663107871413353,0.4552552243539007,0.4552552243539007,27,26
sp500-12m/same_sector_slide1m_noscreen,sp500-2m/cross_sector_slide3m_noscreen,0.6180911593644721,0.0557977106567255,0.8695685695346838,0.5153532575035087,0.5153532575035087,28,18
sp500-12m/same_sector_slide3m_noscreen,sp500-12m/same_sector_slide1m_bd7,0.6179972944127728,0.0501608710127558,0.7751879424501208,0.5315062419282742,0.5315062419282742,29,13
sp500-12m/cross_sector_slide1m_bd7,core-2m/same_sector_slide1m_noscreen,0.6159632267249653,0.0324565201988661,1.0232322468979453,0.4212607426099713,0.4212607426099713,30,32
core-2m/same_sector_slide1m_noscreen,sp500-12m/cross_sector_slide3m_bd7,0.6075764390805679,0.0365868301401066,1.1874040793179519,0.37423298173249997,0.37423298173249997,31,45
sp500-2m/cross_sector_slide1m_noscreen,sp500-2m/cross_sector_slide3m_bd7,0.6055262162549194,0.049623020360215,0.2381501467102479,0.7616593092489408,0.2381501467102479,32,96
sp500-12m/cross_sector_slide1m_bd7,sp500-2m/cross_sector_slide1m_bd7,0.6053405214539295,0.0285569928917122,0.4526485838406321,0.7068158648992077,0.4526485838406321,33,27
sp500-12m/same_sector_slide1m_noscreen,sp500-2m/cross_sector_slide1m_bd7,0.6051570308303136,0.0376621391079336,0.9110793308130465,0.4489653583914371,0.4489653583914371,34,28
sp500-12m/same_sector_slide3m_noscreen,sp500-2m/cross_sector_slide1m_bd7,0.6024741934663413,0.0461199490990491,0.6003219048258179,0.6127768527463165,0.6003219048258179,35,6
sp500-12m/same_sector_slide3m_noscreen,core-12m/same_sector_slide1m_bd7,0.6010157547626008,0.0422179606072783,0.7447428493677346,0.5149244873799482,0.5149244873799482,36,19
sp500-12m/same_sector_slide3m_noscreen,sp500-2m/same_sector_slide1m_noscreen,0.5979778208786447,0.0485380455595909,0.6784569616268289,0.5594654469484864,0.5594654469484864,37,9
sp500-2m/same_sector_slide3m_noscreen,sp500-2m/cross_sector_slide3m_bd7,0.5974802289623011,0.0491990911711195,0.13441640190243037,0.7710206675623439,0.13441640190243037,38,145
sp500-12m/same_sector_slide3m_noscreen,sp500-2m/same_sector_slide3m_bd7,0.5956874006438003,0.0464844510571202,0.725562292031235,0.5334613891620215,0.5334613891620215,39,12
sp500-12m/same_sector_slide1m_noscreen,sp500-2m/same_sector_slide3m_bd7,0.5946234983722855,0.0372001697837601,1.110168723099061,0.3326913978394912,0.3326913978394912,40,60
sp500-12m/cross_sector_slide1m_noscreen,sp500-2m/same_sector_slide3m_bd7,0.5880452578993859,0.0354514206121471,1.161410393041729,0.319737280523176,0.319737280523176,41,67
sp500-12m/cross_sector_slide3m_noscreen,sp500-2m/cross_sector_slide3m_bd7,0.5859487939629954,0.048988990741057,0.7550331325074787,0.5234886753008692,0.5234886753008692,42,15
sp500-12m/cross_sector_slide1m_noscreen,sp500-12m/same_sector_slide1m_bd7,0.579390992867674,0.0363815708946429,1.1665710950963022,0.31525232435199446,0.31525232435199446,43,70
sp500-12m/same_sector_slide1m_noscreen,sp500-12m/same_sector_slide3m_bd7,0.5778308499868082,0.0417598039969975,0.9664336976874471,0.38680529861559076,0.38680529861559076,44,43
sp500-12m/cross_sector_slide3m_bd7,sp500-2m/cross_sector_slide3m_bd7,0.5727322285314885,0.0446224607963571,0.5709730810786517,0.6054783657116718,0.5709730810786517,45,8
core-12m/cross_sector_slide3m_bd7,sp500-2m/cross_sector_slide3m_bd7,0.5683661223658434,0.0408924636438564,0.01620188057641129,0.8108545749527801,0.01620188057641129,46,207
sp500-12m/same_sector_slide1m_noscreen,sp500-12m/same_sector_slide1m_bd7,0.5670655561378914,0.0394672820319311,1.0219445343338964,0.34211632830327826,0.34211632830327826,47,56
sp500-12m/cross_sector_slide1m_bd7,sp500-2m/cross_sector_slide1m_noscreen,0.5634553269981822,0.031895521998331,0.8548345218176321,0.4301975470470763,0.4301975470470763,48,30
core-12m/same_sector_slide3m_bd7,sp500-2m/cross_sector_slide3m_bd7,0.5633858620646912,0.0393638287385905,-0.5257518440095452,0.8967392920374475,-0.5257518440095452,49,439
core-2m/same_sector_slide1m_bd7,sp500-12m/cross_sector_slide1m_bd7,0.5608890798187354,0.02569030887174,0.8739120761214391,0.4243489099296185,0.4243489099296185,50,31
sp500-12m/same_sector_slide1m_noscreen,sp500-2m/cross_sector_slide1m_noscreen,0.5605018061334321,0.0406099275581284,1.0451172872243166,0.31540822723201073,0.31540822723201073,51,69
sp500-12m/cross_sector_slide1m_noscreen,sp500-2m/cross_sector_slide1m_bd7,0.5561103438151143,0.0323775377114507,0.9599953169658582,0.3620692923736586,0.3620692923736586,52,49
sp500-12m/same_sector_slide1m_noscreen,sp500-12m/cross_sector_slide1m_bd7,0.5557972710279833,0.0337004041291067,1.1063651183678254,0.2791026471829101,0.2791026471829101,53,78
sp500-12m/same_sector_slide1m_noscreen,sp500-2m/same_sector_slide1m_noscreen,0.5540423138229718,0.0372576368187183,0.9804410297201478,0.33560824834362385,0.33560824834362385,54,58
sp500-12m/cross_sector_slide1m_noscreen,sp500-12m/cross_sector_slide3m_bd7,0.5529397449364117,0.0438209605144385,1.2835577882136318,0.2888668599842645,0.2888668599842645,55,77
core-12m/cross_sector_slide1m_bd7,sp500-2m/cross_sector_slide3m_bd7,0.5504005970563034,0.0352650314731374,0.10739189575791601,0.7209471123392249,0.10739189575791601,56,160
core-2m/cross_sector_slide1m_noscreen,sp500-2m/cross_sector_slide3m_bd7,0.5465380579809798,0.0414303456143718,1.220515621593574,0.23430970443968122,0.23430970443968122,57,97
sp500-12m/cross_sector_slide1m_noscreen,core-12m/same_sector_slide3m_bd7,0.5365163119501479,0.0305351008935304,1.2447923516164905,0.24451987208692202,0.24451987208692202,58,90
sp500-12m/same_sector_slide3m_bd7,sp500-2m/cross_sector_slide1m_bd7,0.5352330104798279,0.0297137885083327,0.2679789158383185,0.7034708344033682,0.2679789158383185,59,81
core-2m/same_sector_slide1m_bd7,sp500-12m/cross_sector_slide3m_bd7,0.5319963609234211,0.0295181770436285,1.0282731599658823,0.3586566355064763,0.3586566355064763,60,50
sp500-12m/same_sector_slide1m_bd7,sp500-2m/cross_sector_slide3m_noscreen,0.5295467291542829,0.0429600070843374,0.36445381060236626,0.5994326347225966,0.36445381060236626,61,48
sp500-2m/same_sector_slide1m_noscreen,sp500-2m/cross_sector_slide3m_bd7,0.52927205203279,0.0364835089740225,0.012817007055369012,0.7349262576589002,0.012817007055369012,62,212
core-12m/same_sector_slide1m_noscreen,sp500-2m/cross_sector_slide3m_bd7,0.5288249526271908,0.0329410992901594,-0.378454461159795,0.7461264058335323,-0.378454461159795,63,388
sp500-12m/cross_sector_slide1m_noscreen,core-12m/cross_sector_slide1m_bd7,0.5228680789510596,0.0307068660000954,1.1204010970786753,0.24828856184397996,0.24828856184397996,64,89
sp500-12m/same_sector_slide3m_noscreen,sp500-2m/same_sector_slide1m_bd7,0.5219442521479837,0.0387933484482829,0.6077821038220415,0.47724305075078416,0.47724305075078416,65,21
sp500-12m/cross_sector_slide1m_bd7,sp500-12m/cross_sector_slide3m_bd7,0.5204210722046748,0.0366778983795803,0.8403440066958272,0.4073428668524991,0.4073428668524991,66,39
sp500-12m/cross_sector_slide1m_noscreen,core-2m/same_sector_slide3m_bd7,0.5188320774910549,0.0318678839969612,1.2020549882296176,0.20667801945643197,0.20667801945643197,67,108
core-12m/same_sector_slide1m_bd7,sp500-2m/cross_sector_slide3m_bd7,0.5104536687883536,0.0343222238784659,-0.6650987362798618,0.8585207164631372,-0.6650987362798618,68,462
sp500-12m/cross_sector_slide1m_bd7,sp500-12m/same_sector_slide1m_bd7,0.5074779976587527,0.0258522978813235,0.6231298453748311,0.4637842301552957,0.4637842301552957,69,23
sp500-12m/cross_sector_slide1m_noscreen,sp500-12m/same_sector_slide3m_bd7,0.5059992585235886,0.0329466731201178,1.1346618597583948,0.22893624337007318,0.22893624337007318,70,101
sp500-12m/same_sector_slide1m_bd7,sp500-2m/cross_sector_slide1m_bd7,0.5036942070955865,0.0246176314341007,0.26318071563061163,0.6688606264590021,0.26318071563061163,71,84
sp500-12m/same_sector_slide1m_noscreen,core-12m/same_sector_slide1m_bd7,0.5017290120229317,0.0274399015578083,1.2319670682059707,0.07316577465028322,0.07316577465028322,72,180
sp500-12m/cross_sector_slide3m_bd7,sp500-2m/cross_sector_slide3m_noscreen,0.4933299240258177,0.0430875887875893,0.6790160838155234,0.4590305134019544,0.4590305134019544,73,24
core-12m/same_sector_slide3m_noscreen,sp500-2m/cross_sector_slide3m_bd7,0.4906509003227574,0.0335486418264165,-0.3224763320869572,0.6991308140915917,-0.3224763320869572,74,368
core-2m/same_sector_slide1m_bd7,sp500-2m/cross_sector_slide3m_bd7,0.4869948872271957,0.0303999363594879,0.18258314567909975,0.5864861376962105,0.18258314567909975,75,127
sp500-2m/cross_sector_slide3m_bd7,sp500-2m/same_sector_slide1m_bd7,0.4783959688156997,0.0315649587924998,-0.4212021058462618,0.8040550786051055,-0.4212021058462618,76,405
sp500-12m/cross_sector_slide1m_bd7,sp500-2m/same_sector_slide1m_noscreen,0.4783862436947227,0.0247640369062268,0.6343082420128547,0.4081499536400904,0.4081499536400904,77,38
sp500-12m/same_sector_slide1m_noscreen,sp500-12m/cross_sector_slide3m_bd7,0.4776490108549686,0.0342194341888598,1.2474028005156677,0.1864307023817029,0.1864307023817029,78,124
sp500-12m/same_sector_slide1m_noscreen,sp500-2m/same_sector_slide1m_bd7,0.4727376168310958,0.0276436320575938,0.9993892129939335,0.19026707228570253,0.19026707228570253,79,120
core-2m/cross_sector_slide1m_noscreen,sp500-2m/cross_sector_slide3m_noscreen,0.4709899387712123,0.0469597379876611,1.212011462968579,0.20478094105540806,0.20478094105540806,80,110
core-2m/same_sector_slide3m_bd7,sp500-2m/cross_sector_slide3m_bd7,0.4708698464471304,0.0343701129363194,-0.0024738634415572614,0.6422773125702275,-0.0024738634415572614,81,221
sp500-2m/cross_sector_slide3m_bd7,sp500-2m/cross_sector_slide1m_bd7,0.4630007429836853,0.0336632666821699,-0.47506092560950997,0.8239148153723103,-0.47506092560950997,82,430
sp500-2m/cross_sector_slide1m_noscreen,sp500-2m/cross_sector_slide3m_noscreen,0.4616771265391512,0.0492232066073878,0.48544882546238777,0.4572388097897782,0.4572388097897782,83,25
core-2m/same_sector_slide1m_noscreen,sp500-2m/cross_sector_slide3m_bd7,0.4601375375378914,0.030170665430215,0.4211966805443006,0.47169753129905523,0.4211966805443006,84,33
core-2m/same_sector_slide1m_noscreen,sp500-12m/same_sector_slide3m_noscreen,0.458865709944859,0.0345864706477534,0.8089062704623331,0.2937383502297367,0.2937383502297367,85,75
core-12m/cross_sector_slide1m_noscreen,sp500-2m/cross_sector_slide3m_bd7,0.4581499327712626,0.0321758757742539,0.3246905577367949,0.523472251302617,0.3246905577367949,86,64
sp500-12m/cross_sector_slide1m_bd7,sp500-12m/same_sector_slide3m_bd7,0.4486346931985673,0.025712582826971,0.5765082047082535,0.3988725214445596,0.3988725214445596,87,40
sp500-12m/cross_sector_slide1m_noscreen,core-2m/same_sector_slide3m_noscreen,0.4480665643488947,0.0301670560386629,1.0841823512394646,0.13168584411233022,0.13168584411233022,88,147
sp500-12m/same_sector_slide3m_noscreen,sp500-12m/same_sector_slide3m_bd7,0.4474728446992645,0.0401383470615157,0.661289160500506,0.34511584656816097,0.34511584656816097,89,55
sp500-12m/same_sector_slide1m_bd7,sp500-2m/cross_sector_slide1m_noscreen,0.4468588472306759,0.0272226939471062,0.6404239962937088,0.3562384506053332,0.3562384506053332,90,51
sp500-12m/same_sector_slide1m_noscreen,core-12m/cross_sector_slide1m_bd7,0.4460720521040618,0.0269436702815093,1.1166390689635002,0.10632072094589609,0.10632072094589609,91,161
sp500-2m/cross_sector_slide3m_noscreen,core-12m/same_sector_slide1m_bd7,0.4453320542731648,0.0324450961415249,0.16465356634841227,0.589041022064127,0.16465356634841227,92,135
core-2m/cross_sector_slide1m_noscreen,sp500-12m/cross_sector_slide1m_bd7,0.4449415313356682,0.027646580669067,1.4794093656038396,-0.030017684898052826,-0.030017684898052826,93,239
sp500-12m/same_sector_slide1m_noscreen,core-12m/same_sector_slide3m_bd7,0.4415586754004638,0.025477552855288,1.2145591884358182,0.03366573016319313,0.03366573016319313,94,195
sp500-2m/cross_sector_slide3m_noscreen,core-12m/same_sector_slide3m_bd7,0.4413455649560553,0.0408592388910164,0.20451507456451604,0.5269422669958573,0.20451507456451604,95,111
sp500-12m/cross_sector_slide1m_noscreen,core-2m/cross_sector_slide1m_noscreen,0.4383183483745541,0.0319888948116155,1.392968491733924,0.025198898765690692,0.025198898765690692,96,200
sp500-12m/same_sector_slide3m_noscreen,core-12m/same_sector_slide1m_noscreen,0.4367268676730358,0.0318883033610614,0.6500781017736401,0.3074550315582546,0.3074550315582546,97,71
sp500-12m/same_sector_slide3m_bd7,sp500-2m/same_sector_slide1m_noscreen,0.4360797537511016,0.0256837384031058,0.45047682341601447,0.4330218817589108,0.4330218817589108,98,29
sp500-2m/cross_sector_slide1m_noscreen,sp500-12m/same_sector_slide3m_bd7,0.4325768692116772,0.0278779948534658,0.6339204308015336,0.34180743048363327,0.34180743048363327,99,57
sp500-12m/cross_sector_slide1m_bd7,core-12m/same_sector_slide3m_bd7,0.4318487392977438,0.0186301907894134,0.7130356240583469,0.3268707170667862,0.3268707170667862,100,63
core-2m/cross_sector_slide1m_noscreen,sp500-2m/cross_sector_slide1m_noscreen,0.4309903420537278,0.0322576841785326,1.5433334901927154,-0.1270179383279652,-0.1270179383279652,101,276
core-2m/cross_sector_slide3m_noscreen,sp500-2m/cross_sector_slide3m_bd7,0.4289244026519219,0.0423291119716963,0.5690025189151984,0.350024861664193,0.350024861664193,102,54
sp500-12m/same_sector_slide3m_noscreen,core-12m/cross_sector_slide3m_bd7,0.4282966917261205,0.0329716378870592,0.7864464722011171,0.2664194673699257,0.2664194673699257,103,82
sp500-12m/cross_sector_slide1m_noscreen,core-12m/same_sector_slide1m_noscreen,0.4269280478835041,0.0230267608620104,1.2622158736907663,0.07795936322627721,0.07795936322627721,104,177
sp500-12m/same_sector_slide1m_noscreen,core-12m/same_sector_slide1m_noscreen,0.4211924941199192,0.0233207137600504,1.1909485255346381,0.04031989182612395,0.04031989182612395,105,194
sp500-12m/same_sector_slide1m_bd7,sp500-2m/same_sector_slide1m_noscreen,0.420016414291742,0.0227836970031069,0.41447650040893336,0.42537233376767497,0.41447650040893336,106,36
sp500-2m/cross_sector_slide3m_noscreen,sp500-2m/same_sector_slide1m_noscreen,0.4171197723669259,0.0361307849880284,0.38570780461504117,0.43399782969013573,0.38570780461504117,107,44
core-2m/same_sector_slide1m_bd7,sp500-12m/same_sector_slide3m_noscreen,0.4155224106704575,0.0296635239922295,0.8381756771743202,0.2122915496200154,0.2122915496200154,108,107
sp500-12m/same_sector_slide1m_bd7,sp500-12m/same_sector_slide3m_bd7,0.4134220064292234,0.026165177781918,0.4790845717972463,0.3893017967330861,0.3893017967330861,109,42
sp500-12m/cross_sector_slide1m_bd7,core-12m/same_sector_slide1m_bd7,0.4127408468423414,0.0173493101811444,0.6932268749529117,0.29590951990400793,0.29590951990400793,110,74
sp500-12m/cross_sector_slide1m_bd7,sp500-12m/cross_sector_slide3m_noscreen,0.4124917897498356,0.0310804943761523,1.0369933773646545,0.13407209105836032,0.13407209105836032,111,146
sp500-12m/cross_sector_slide1m_noscreen,sp500-12m/cross_sector_slide3m_noscreen,0.4123196198677862,0.0368313949996294,1.2568455113576527,0.05553391623156713,0.05553391623156713,112,186
sp500-12m/cross_sector_slide3m_bd7,sp500-12m/same_sector_slide1m_bd7,0.4101757416641856,0.0261345804010578,0.8792525441767378,0.26332079409337444,0.26332079409337444,113,83
sp500-12m/same_sector_slide3m_noscreen,core-12m/same_sector_slide3m_bd7,0.4082786543750575,0.031563773454564,0.6875854722754948,0.2541741055924304,0.2541741055924304,114,88
sp500-12m/cross_sector_slide1m_noscreen,sp500-2m/same_sector_slide1m_bd7,0.4075058745805616,0.0222810863729589,1.221124498635446,-0.007715789302573999,-0.007715789302573999,115,224
sp500-12m/cross_sector_slide1m_noscreen,core-12m/cross_sector_slide3m_bd7,0.4051429905375354,0.0238433512383779,1.0738253646168403,0.10521643852659515,0.10521643852659515,116,162
sp500-2m/cross_sector_slide3m_noscreen,sp500-2m/same_sector_slide3m_bd7,0.400463046976335,0.0338782228270852,0.4695160552441588,0.37303673452402064,0.37303673452402064,117,46
core-2m/cross_sector_slide1m_bd7,sp500-2m/cross_sector_slide3m_bd7,0.3992965850586881,0.0272352606583185,-0.09585066870856365,0.5996640205133571,-0.09585066870856365,118,262
sp500-12m/cross_sector_slide1m_bd7,core-12m/cross_sector_slide1m_bd7,0.3976691793289553,0.018680146536999,0.7750978322389506,0.22737185939177784,0.22737185939177784,119,102
sp500-12m/same_sector_slide1m_noscreen,core-2m/same_sector_slide1m_bd7,0.3962472547454406,0.0232541012858841,1.1805516054500842,0.001711043139590777,0.001711043139590777,120,218
sp500-12m/same_sector_slide3m_noscreen,core-12m/cross_sector_slide1m_bd7,0.3926163228285534,0.0279082360399709,0.7789370091872402,0.19712619159843725,0.19712619159843725,121,114
sp500-12m/cross_sector_slide3m_bd7,sp500-12m/same_sector_slide3m_bd7,0.3923377131279906,0.0287819950768327,0.9172011681949487,0.2392907892949478,0.2392907892949478,122,95
sp500-12m/cross_sector_slide1m_noscreen,core-2m/cross_sector_slide1m_bd7,0.390497645864874,0.0287618232805663,1.0429862417336428,0.1578047014946562,0.1578047014946562,123,138
sp500-2m/cross_sector_slide3m_noscreen,sp500-2m/same_sector_slide3m_noscreen,0.3808158738497851,0.0377138843219608,0.44570775559634795,0.35395109424051957,0.35395109424051957,124,52
core-2m/cross_sector_slide1m_noscreen,sp500-12m/same_sector_slide1m_noscreen,0.3800700590841225,0.0264376824179055,1.4639655349422918,-0.18752100846386432,-0.18752100846386432,125,298
sp500-12m/cross_sector_slide3m_bd7,core-2m/same_sector_slide3m_bd7,0.3799104912578309,0.0268590292877655,1.0175268851219892,0.1768980747750884,0.1768980747750884,126,130
sp500-12m/same_sector_slide1m_noscreen,core-12m/cross_sector_slide3m_bd7,0.3777022889598412,0.0228194172937124,1.1295225720444395,-0.01564111553698963,-0.01564111553698963,127,230
sp500-12m/same_sector_slide1m_bd7,sp500-2m/same_sector_slide3m_bd7,0.3773034527469761,0.0185922288483639,0.4828819165169239,0.33559916618254915,0.33559916618254915,128,59
sp500-12m/cross_sector_slide3m_noscreen,sp500-2m/cross_sector_slide3m_noscreen,0.376088735782203,0.0348492713283725,0.8729798713020521,0.19471674533863123,0.19471674533863123,129,116
sp500-12m/cross_sector_slide1m_bd7,sp500-2m/same_sector_slide3m_noscreen,0.3726806139113277,0.0229101380746448,0.5636414277692785,0.2781210091384257,0.2781210091384257,130,79
sp500-2m/cross_sector_slide3m_noscreen,sp500-2m/cross_sector_slide1m_bd7,0.3722434105918139,0.0315878828636234,0.11537069961847071,0.4887855293627102,0.11537069961847071,131,156
sp500-12m/cross_sector_slide3m_bd7,core-12m/cross_sector_slide1m_bd7,0.3675795481179748,0.0245686266079323,0.8596485828525878,0.22370911665875606,0.22370911665875606,132,104
sp500-12m/cross_sector_slide3m_bd7,core-12m/same_sector_slide3m_bd7,0.3606727785892705,0.0245801745526567,1.1283152939539918,0.17665522880414242,0.17665522880414242,133,131
sp500-2m/cross_sector_slide1m_noscreen,sp500-2m/same_sector_slide3m_bd7,0.3582056458723374,0.0224789256350563,0.7020170951872134,0.20629043577733366,0.20629043577733366,134,109
sp500-2m/cross_sector_slide3m_noscreen,sp500-2m/same_sector_slide1m_bd7,0.3572776655993385,0.030356667572882,0.2580208680694773,0.4019119459681205,0.2580208680694773,135,85
sp500-12m/cross_sector_slide3m_bd7,sp500-2m/same_sector_slide1m_noscreen,0.3570393356636054,0.023819113741176,0.8911986768980285,0.18851044501315517,0.18851044501315517,136,121
sp500-12m/same_sector_slide3m_bd7,sp500-2m/same_sector_slide3m_bd7,0.3559163329618618,0.0208167925230556,0.5309194461457961,0.29031035996005333,0.29031035996005333,137,76
sp500-12m/cross_sector_slide1m_noscreen,core-12m/same_sector_slide3m_noscreen,0.3544058687322617,0.0200109488722226,1.275857986422828,-0.012426198356485058,-0.012426198356485058,138,227
sp500-12m/cross_sector_slide3m_bd7,core-2m/same_sector_slide3m_noscreen,0.3512676196014422,0.0253727774089997,1.0570733180621161,0.09798360588914332,0.09798360588914332,139,168
sp500-12m/cross_sector_slide1m_bd7,core-2m/same_sector_slide3m_bd7,0.348884451125788,0.0175509200533718,0.7733805373445957,0.14848810474477536,0.14848810474477536,140,140
sp500-12m/same_sector_slide3m_bd7,sp500-2m/same_sector_slide3m_noscreen,0.3483673984615888,0.0243689378019879,0.5026086782645823,0.2735096715590784,0.2735096715590784,141,80
sp500-12m/cross_sector_slide1m_bd7,sp500-2m/same_sector_slide3m_bd7,0.3482177478052369,0.0170128302494443,0.6994344276633611,0.18471088293894114,0.18471088293894114,142,125
core-12m/cross_sector_slide1m_bd7,sp500-12m/same_sector_slide3m_bd7,0.345300012977242,0.0182213332404315,0.543754255125303,0.25475126286636535,0.25475126286636535,143,87
core-2m/same_sector_slide1m_bd7,sp500-12m/cross_sector_slide3m_noscreen,0.3445535805696685,0.0228220627001072,1.1443371335210943,0.011687784758543603,0.011687784758543603,144,214
sp500-2m/same_sector_slide1m_noscreen,sp500-2m/cross_sector_slide1m_bd7,0.3436223195053396,0.0179313782480836,0.17822464342426855,0.4346343919188115,0.17822464342426855,145,129
sp500-12m/cross_sector_slide3m_bd7,sp500-2m/cross_sector_slide1m_noscreen,0.342180080397559,0.0233608542488684,0.9596221108614282,0.15140189543676846,0.15140189543676846,146,139
sp500-12m/same_sector_slide1m_noscreen,core-2m/same_sector_slide1m_noscreen,0.342121012682645,0.0210826238448247,1.1165527779516757,-0.05170370941429992,-0.05170370941429992,147,246
sp500-12m/cross_sector_slide3m_bd7,sp500-2m/same_sector_slide3m_bd7,0.3418302826014303,0.0232122608878174,1.0788814980162396,0.12986202449664114,0.12986202449664114,148,149
sp500-2m/cross_sector_slide1m_noscreen,core-12m/same_sector_slide3m_bd7,0.338925000205492,0.0182873857544524,0.5702144624838958,0.25485717002247815,0.25485717002247815,149,86
sp500-12m/cross_sector_slide1m_bd7,core-2m/same_sector_slide3m_noscreen,0.3385459781666735,0.0196583206376664,0.8246781860403237,0.08476804554311884,0.08476804554311884,150,175
sp500-2m/cross_sector_slide3m_noscreen,core-12m/cross_sector_slide3m_bd7,0.3383074114519219,0.0266731034750631,0.3325505723031693,0.360568084829695,0.3325505723031693,151,61
sp500-12m/same_sector_slide1m_noscreen,core-12m/cross_sector_slide1m_noscreen,0.3365395188238996,0.0221478048768135,1.1449184846048468,-0.09360316503477761,-0.09360316503477761,152,260
core-2m/cross_sector_slide1m_noscreen,sp500-12m/cross_sector_slide3m_bd7,0.3359426714067709,0.0253115128665887,1.4554807599288038,-0.020152294726244843,-0.020152294726244843,153,234
core-2m/same_sector_slide1m_bd7,sp500-2m/same_sector_slide3m_bd7,0.3345716861655372,0.0159494571756207,0.8798935210641302,0.10271100960059294,0.10271100960059294,154,165
sp500-12m/same_sector_slide3m_noscreen,core-2m/cross_sector_slide1m_bd7,0.3331650180057594,0.0275794972176723,0.638126855269648,0.19534235760328997,0.19534235760328997,155,115
sp500-12m/cross_sector_slide1m_noscreen,core-12m/cross_sector_slide1m_noscreen,0.3320243572664876,0.0212009320828067,0.9908869620528502,0.02318197713915712,0.02318197713915712,156,202
sp500-2m/cross_sector_slide1m_noscreen,sp500-2m/cross_sector_slide1m_bd7,0.3315578280605576,0.0220532394697265,0.4142744513481619,0.2993703265264259,0.2993703265264259,157,73
core-12m/cross_sector_slide1m_noscreen,sp500-12m/same_sector_slide3m_noscreen,0.3300645268195104,0.0255584962949727,0.8763601007732266,0.059121745994962574,0.059121745994962574,158,183
sp500-12m/same_sector_slide1m_bd7,sp500-2m/same_sector_slide3m_noscreen,0.3280915433534601,0.0208781382076626,0.33054091102359984,0.3174187927721269,0.3174187927721269,159,68
sp500-12m/same_sector_slide3m_noscreen,core-12m/same_sector_slide3m_noscreen,0.324741853368108,0.0234147235808822,0.7130731364839689,0.14701687494791074,0.14701687494791074,160,141
core-2m/cross_sector_slide1m_noscreen,sp500-12m/same_sector_slide3m_noscreen,0.3236253220966597,0.0277378208562885,1.20577865582533,-0.05479730047562692,-0.05479730047562692,161,247
sp500-12m/cross_sector_slide3m_bd7,sp500-2m/same_sector_slide3m_noscreen,0.3233846468145153,0.0238469870706232,0.7744796355429407,0.17504538526493038,0.17504538526493038,162,132
sp500-12m/same_sector_slide1m_bd7,core-12m/cross_sector_slide1m_bd7,0.3211868890133118,0.0153279017613238,0.5240392163191994,0.22114526262164186,0.22114526262164186,163,105
sp500-2m/cross_sector_slide1m_noscreen,core-12m/same_sector_slide1m_bd7,0.3204807013801603,0.0165432229619912,0.4883142046063016,0.2398951934273882,0.2398951934273882,164,94
sp500-12m/cross_sector_slide1m_bd7,sp500-2m/same_sector_slide1m_bd7,0.3169152119269259,0.0139771731618576,0.7255125463956732,0.12597972863200807,0.12597972863200807,165,151
sp500-12m/cross_sector_slide3m_bd7,sp500-2m/cross_sector_slide1m_bd7,0.3164552871303562,0.0195446439201095,0.7045628953283856,0.22402702474877115,0.22402702474877115,166,103
sp500-2m/cross_sector_slide1m_noscreen,sp500-2m/same_sector_slide3m_noscreen,0.3161957149482578,0.024336345354563,0.6312605785637528,0.1830071679443374,0.1830071679443374,167,126
core-12m/cross_sector_slide1m_bd7,sp500-2m/cross_sector_slide3m_noscreen,0.3109008464514388,0.0235933715321779,0.33674145056521193,0.3006600518338896,0.3006600518338896,168,72
core-2m/same_sector_slide1m_noscreen,sp500-12m/same_sector_slide3m_bd7,0.3082324333357794,0.0171771084370791,0.7278347793741878,0.10294552007744608,0.10294552007744608,169,164
sp500-12m/same_sector_slide1m_noscreen,core-2m/same_sector_slide3m_bd7,0.3070286571397891,0.0183946594176885,1.0778124482147848,-0.10669097495037137,-0.10669097495037137,170,269
sp500-2m/cross_sector_slide1m_noscreen,sp500-2m/same_sector_slide1m_noscreen,0.3068136985088187,0.0203801295422232,0.623731733642397,0.16348045694249927,0.16348045694249927,171,136
sp500-12m/same_sector_slide3m_bd7,core-12m/same_sector_slide1m_bd7,0.3025923180004635,0.0145533565439531,0.4451726562491822,0.2341059834050038,0.2341059834050038,172,98
sp500-12m/cross_sector_slide1m_bd7,core-12m/cross_sector_slide3m_bd7,0.2958154216335828,0.0140189894632556,0.6475220752383303,0.14016570972033676,0.14016570972033676,173,144
sp500-12m/cross_sector_slide1m_bd7,core-12m/same_sector_slide1m_noscreen,0.2924609730202999,0.0120258038222091,0.75916739208525,0.09585321842995824,0.09585321842995824,174,172
core-2m/cross_sector_slide1m_noscreen,sp500-2m/same_sector_slide3m_noscreen,0.2915275212665938,0.0217483120894977,1.3054343573857488,-0.19634222484428215,-0.19634222484428215,175,303
core-2m/cross_sector_slide1m_noscreen,sp500-2m/same_sector_slide1m_noscreen,0.2909422337527116,0.0187793007776507,1.3754834222767471,-0.3141550776267829,-0.3141550776267829,176,366
sp500-12m/same_sector_slide3m_bd7,core-12m/same_sector_slide3m_bd7,0.2895384479655118,0.0144176643493278,0.49977065056857084,0.1864763430943559,0.1864763430943559,177,122
sp500-12m/same_sector_slide1m_bd7,core-12m/same_sector_slide1m_bd7,0.2836312094983547,0.0109393519252885,0.47061635539471974,0.19718834909996447,0.19718834909996447,178,113
sp500-12m/cross_sector_slide3m_bd7,core-12m/same_sector_slide1m_bd7,0.2825591786137508,0.017521445319052,1.029434155160486,0.11036902032853739,0.11036902032853739,179,159
sp500-12m/cross_sector_slide3m_bd7,sp500-2m/same_sector_slide1m_bd7,0.2805548745240401,0.0169194839862339,0.9439036317343528,0.09634723350861105,0.09634723350861105,180,169
sp500-12m/same_sector_slide3m_noscreen,core-2m/same_sector_slide3m_bd7,0.2767913993294232,0.0210260155289449,0.5919492893630014,0.1207371102359506,0.1207371102359506,181,154
core-2m/same_sector_slide3m_noscreen,sp500-2m/cross_sector_slide3m_bd7,0.2749175054396905,0.0195279073825322,0.11278619984512872,0.3635216873685746,0.11278619984512872,182,158
core-2m/same_sector_slide1m_bd7,sp500-12m/same_sector_slide3m_bd7,0.2718222499222674,0.0133459043407595,0.7648542230283883,0.05580891771403139,0.05580891771403139,183,185
sp500-12m/cross_sector_slide3m_bd7,core-2m/cross_sector_slide1m_bd7,0.2699140975088838,0.0191254277603746,0.7956620040548243,0.1309541417654746,0.1309541417654746,184,148
core-12m/cross_sector_slide1m_bd7,sp500-2m/cross_sector_slide1m_noscreen,0.2698676355778362,0.0147951035289115,0.521227551198462,0.14541897164962458,0.14541897164962458,185,142
core-12m/cross_sector_slide1m_noscreen,sp500-2m/cross_sector_slide3m_noscreen,0.2694595855290482,0.0217089091120656,0.5308616746281043,0.1702061114946718,0.1702061114946718,186,133
sp500-2m/same_sector_slide3m_noscreen,sp500-2m/cross_sector_slide1m_bd7,0.266937426135139,0.0165116970509936,0.23198316682064482,0.2782819687174465,0.23198316682064482,187,99
sp500-2m/same_sector_slide3m_bd7,sp500-2m/same_sector_slide1m_noscreen,0.2666443858230844,0.015689295192077,0.3641706442863809,0.22987682764069176,0.22987682764069176,188,100
core-2m/same_sector_slide1m_bd7,sp500-2m/same_sector_slide1m_noscreen,0.2664078069825558,0.0128888826201126,0.6956826703671947,0.08166413858167436,0.08166413858167436,189,176
core-2m/same_sector_slide1m_bd7,sp500-12m/same_sector_slide1m_bd7,0.2655852051011189,0.0117329014580395,0.802298628806841,0.016187865587720847,0.016187865587720847,190,208
sp500-12m/cross_sector_slide1m_bd7,core-2m/cross_sector_slide1m_bd7,0.2642788326990595,0.0150487869147958,0.598307189674579,0.1430568558372238,0.1430568558372238,191,143
core-12m/cross_sector_slide3m_noscreen,sp500-2m/cross_sector_slide3m_bd7,0.2640654152687562,0.0194245820562424,0.2414716628040014,0.2635987434661012,0.2414716628040014,192,91
core-2m/cross_sector_slide1m_noscreen,sp500-12m/same_sector_slide1m_bd7,0.2639154497063662,0.0147654773592305,1.1385054935724905,-0.1890780967555389,-0.1890780967555389,193,300
core-2m/same_sector_slide1m_bd7,sp500-2m/same_sector_slide3m_noscreen,0.2628411755283074,0.016689978109882,0.6851379801409153,0.08984005105087398,0.08984005105087398,194,174
sp500-12m/cross_sector_slide3m_noscreen,sp500-12m/same_sector_slide1m_bd7,0.2604821538053882,0.0169398673174139,0.9674117193000982,-0.05876509300750134,-0.05876509300750134,195,249
sp500-12m/cross_sector_slide3m_noscreen,sp500-12m/same_sector_slide3m_noscreen,0.2596343802221332,0.0230231926145622,0.9993187806788721,-0.043280027243231586,-0.043280027243231586,196,243
sp500-12m/cross_sector_slide3m_bd7,core-12m/cross_sector_slide3m_bd7,0.2586487568284077,0.0169781197212683,1.0238855831879008,0.04204151479948998,0.04204151479948998,197,192
sp500-12m/cross_sector_slide1m_bd7,core-12m/same_sector_slide3m_noscreen,0.2572684474605241,0.0112290834022198,0.7836915532084066,0.053824564837137406,0.053824564837137406,198,187
sp500-12m/same_sector_slide1m_bd7,core-12m/same_sector_slide3m_bd7,0.2545635570693189,0.0107293677055552,0.446737828911896,0.1660692299946266,0.1660692299946266,199,134
sp500-12m/cross_sector_slide1m_bd7,core-12m/cross_sector_slide1m_noscreen,0.2531624251272191,0.0127199405858736,0.75007921444615,0.0175872402392284,0.0175872402392284,200,204
sp500-12m/same_sector_slide1m_noscreen,core-2m/cross_sector_slide1m_bd7,0.2438071308263993,0.0154419725270712,0.9533864428070862,-0.08646358289103827,-0.08646358289103827,201,255
sp500-12m/same_sector_slide1m_bd7,sp500-2m/same_sector_slide1m_bd7,0.2429020996027479,0.0105238002741119,0.40314683206696705,0.1590888105907216,0.1590888105907216,202,137
core-2m/same_sector_slide1m_noscreen,sp500-2m/same_sector_slide1m_noscreen,0.2427405876968454,0.0135962012543942,0.7287052697294245,0.008099288399682037,0.008099288399682037,203,217
core-2m/cross_sector_slide1m_noscreen,core-12m/same_sector_slide1m_bd7,0.2423135081895205,0.01259819179868,1.4770642450277547,-0.629611709510527,-0.629611709510527,204,455
sp500-2m/same_sector_slide3m_noscreen,sp500-2m/same_sector_slide1m_noscreen,0.2419384503048643,0.0181334692963575,0.32806523039385044,0.19384222420792385,0.19384222420792385,205,117
sp500-2m/cross_sector_slide3m_noscreen,core-2m/cross_sector_slide1m_bd7,0.2416593200934686,0.0195651139506137,0.24067232154824922,0.24993202292587596,0.24067232154824922,206,93
sp500-2m/same_sector_slide3m_bd7,sp500-2m/cross_sector_slide1m_bd7,0.2404616618689624,0.0112926985988274,0.2406819136753416,0.2484345138375747,0.2406819136753416,207,92
sp500-2m/same_sector_slide3m_noscreen,sp500-2m/same_sector_slide3m_bd7,0.2369462554776289,0.0181492917141742,0.33292629794246664,0.1864489173439159,0.1864489173439159,208,123
core-2m/same_sector_slide1m_noscreen,sp500-12m/same_sector_slide1m_bd7,0.2364531281030089,0.0118817401613293,0.7363423919501686,-0.028425273660804714,-0.028425273660804714,209,237
core-12m/cross_sector_slide1m_bd7,sp500-2m/same_sector_slide1m_noscreen,0.236345875438218,0.0113902303948171,0.519240446386299,0.09587931670019681,0.09587931670019681,210,171
sp500-12m/cross_sector_slide3m_noscreen,sp500-12m/cross_sector_slide3m_bd7,0.2349642215803246,0.0197660196214714,1.2416850118838465,-0.10596825775760653,-0.10596825775760653,211,268
core-2m/cross_sector_slide1m_noscreen,sp500-12m/same_sector_slide3m_bd7,0.2332244947713355,0.0157660651069478,1.3206040664808545,-0.21061370831667525,-0.21061370831667525,212,311
core-2m/cross_sector_slide1m_noscreen,core-12m/cross_sector_slide1m_bd7,0.2324651298444925,0.013240356220128,1.5183747601343633,-0.47268008970359304,-0.47268008970359304,213,428
core-2m/same_sector_slide3m_bd7,sp500-2m/cross_sector_slide3m_noscreen,0.2324163888273201,0.0181679295144256,0.3164593363787064,0.20204064798784946,0.20204064798784946,214,112
core-2m/same_sector_slide1m_noscreen,sp500-2m/cross_sector_slide3m_noscreen,0.2314792825767073,0.0174639452530863,0.5295473126970462,0.12470366245639507,0.12470366245639507,215,152
sp500-12m/cross_sector_slide3m_noscreen,sp500-2m/same_sector_slide1m_noscreen,0.2309106989027144,0.0166302306364331,1.0054267956743754,-0.08079884280716378,-0.08079884280716378,216,252
core-2m/cross_sector_slide1m_noscreen,sp500-2m/cross_sector_slide1m_bd7,0.2306945437761317,0.013413581343283,1.330172866968872,-0.4347655822815719,-0.4347655822815719,217,412
core-2m/same_sector_slide1m_bd7,sp500-2m/cross_sector_slide3m_noscreen,0.2235448593796229,0.0155291551128572,0.5138246622857345,0.12022722888127275,0.12022722888127275,218,155
sp500-2m/cross_sector_slide1m_noscreen,sp500-2m/same_sector_slide1m_bd7,0.2234149218407117,0.0127639090749332,0.46863353834088217,0.09457611619426737,0.09457611619426737,219,173
core-2m/same_sector_slide1m_bd7,sp500-2m/cross_sector_slide1m_noscreen,0.2219660171779571,0.0113630470096328,0.8324742646403486,-0.04711283427065731,-0.04711283427065731,220,245
sp500-12m/cross_sector_slide3m_bd7,core-12m/same_sector_slide1m_noscreen,0.2204852532607082,0.012651581140078,1.0849763488865627,0.024082848475265876,0.024082848475265876,221,201
sp500-12m/cross_sector_slide3m_bd7,core-2m/cross_sector_slide3m_noscreen,0.220092367146348,0.0194261669985661,1.0857961953362876,-0.031481151881644576,-0.031481151881644576,222,240
sp500-12m/same_sector_slide3m_bd7,core-12m/same_sector_slide1m_noscreen,0.21798658644693,0.0097474777852107,0.4872186978420857,0.10321603918206468,0.10321603918206468,223,163
core-12m/cross_sector_slide1m_noscreen,sp500-12m/cross_sector_slide3m_bd7,0.2167066886691763,0.0132821114939479,0.898927823126116,-0.018286835660483104,-0.018286835660483104,224,233
sp500-12m/same_sector_slide1m_noscreen,core-2m/same_sector_slide3m_noscreen,0.2125696881949366,0.0136735050724735,1.0579943587724916,-0.2862574905981382,-0.2862574905981382,225,354
sp500-2m/cross_sector_slide3m_noscreen,core-12m/same_sector_slide3m_noscreen,0.2125021843147653,0.0162220570992271,0.2406257679188503,0.21268141674741672,0.21268141674741672,226,106
sp500-12m/same_sector_slide1m_noscreen,core-12m/same_sector_slide3m_noscreen,0.2098198501492026,0.010811058341928,1.15869766119275,-0.24396912303820448,-0.24396912303820448,227,328
core-12m/cross_sector_slide3m_bd7,sp500-2m/same_sector_slide1m_noscreen,0.2096051955877596,0.0107635913833698,0.45163875330735725,0.09595037591360447,0.09595037591360447,228,170
sp500-12m/cross_sector_slide3m_noscreen,sp500-2m/cross_sector_slide1m_noscreen,0.2071316003495076,0.0149380030063306,1.0057218387259872,-0.09134745312487168,-0.09134745312487168,229,259
core-12m/cross_sector_slide1m_noscreen,sp500-2m/same_sector_slide1m_noscreen,0.2055561560223358,0.0117157227129995,0.7253107986172207,-0.05588657923046326,-0.05588657923046326,230,248
sp500-12m/same_sector_slide1m_bd7,core-12m/cross_sector_slide3m_bd7,0.2033643372655506,0.0093843708176476,0.5381931758074369,0.03120585476591005,0.03120585476591005,231,196
sp500-12m/cross_sector_slide3m_bd7,core-12m/same_sector_slide3m_noscreen,0.2018903484229327,0.0122933816510354,1.0912265309479496,-0.0032449539216599698,-0.0032449539216599698,232,222
core-12m/cross_sector_slide1m_bd7,core-12m/cross_sector_slide3m_bd7,0.1986638047365312,0.0103025880068283,0.4773326706274287,0.06799994901984951,0.06799994901984951,233,181
core-2m/same_sector_slide1m_noscreen,sp500-2m/same_sector_slide3m_noscreen,0.1986544914509624,0.0129609408789805,0.70528802036831,-0.028138617293640707,-0.028138617293640707,234,236
sp500-12m/same_sector_slide1m_bd7,core-2m/same_sector_slide3m_bd7,0.1954670394193844,0.0094530212785621,0.6017346961920199,-0.033628419670431245,-0.033628419670431245,235,241
core-2m/cross_sector_slide3m_noscreen,sp500-2m/cross_sector_slide3m_noscreen,0.1903922355817441,0.0171937041995638,0.7746148931790322,-0.012341666759295513,-0.012341666759295513,236,226
sp500-2m/cross_sector_slide3m_noscreen,core-12m/same_sector_slide1m_noscreen,0.1895830472527653,0.0120719069838452,0.22538167159124964,0.19072913907488395,0.19072913907488395,237,119
core-2m/same_sector_slide1m_bd7,sp500-2m/cross_sector_slide1m_bd7,0.1894746841769031,0.0074276544748435,0.5516762523830089,0.01035593801301481,0.01035593801301481,238,215
core-12m/cross_sector_slide1m_bd7,sp500-2m/cross_sector_slide1m_bd7,0.1885763925920234,0.0081454580451239,0.09861368834765602,0.24736133680209377,0.09861368834765602,239,167
sp500-2m/same_sector_slide3m_noscreen,core-12m/cross_sector_slide3m_bd7,0.1877178628015959,0.0114193934428107,0.5232241444238277,0.03095276472273036,0.03095276472273036,240,197
sp500-12m/same_sector_slide1m_bd7,core-12m/same_sector_slide1m_noscreen,0.1868616648351887,0.0069455805840199,0.36548288544078467,0.11398424753766741,0.11398424753766741,241,157
sp500-2m/same_sector_slide3m_noscreen,core-12m/same_sector_slide3m_bd7,0.1858864633996889,0.0118791086808284,0.2652095588487852,0.12272404850189436,0.12272404850189436,242,153
core-12m/cross_sector_slide1m_bd7,sp500-2m/same_sector_slide3m_noscreen,0.1835839817562376,0.0102908965347757,0.607112447949492,-0.02927229277068038,-0.02927229277068038,243,238
core-12m/cross_sector_slide3m_bd7,sp500-2m/cross_sector_slide1m_bd7,0.1820103158512991,0.008122728139449,0.0308818611189719,0.28251418136068013,0.0308818611189719,244,198
core-12m/cross_sector_slide1m_noscreen,sp500-2m/cross_sector_slide1m_bd7,0.1808607571798115,0.0091668427159413,0.42332329289182014,0.0445988819243955,0.0445988819243955,245,191
sp500-2m/same_sector_slide3m_noscreen,core-2m/cross_sector_slide1m_bd7,0.1795562666952426,0.0116188711799599,0.4221862407267027,0.07333122758656217,0.07333122758656217,246,179
sp500-12m/same_sector_slide3m_bd7,core-12m/cross_sector_slide3m_bd7,0.1766688714349549,0.0091940961035575,0.5737338261510948,-0.006335764333019196,-0.006335764333019196,247,223
sp500-12m/same_sector_slide3m_noscreen,core-12m/cross_sector_slide3m_noscreen,0.1761900186530937,0.0129372658049032,0.7446696968610478,-0.1021579863524551,-0.1021579863524551,248,265
core-2m/same_sector_slide3m_bd7,sp500-2m/same_sector_slide3m_noscreen,0.1758961685126444,0.0110729898864857,0.6271972102289995,-0.015051096966437603,-0.015051096966437603,249,228
sp500-2m/same_sector_slide3m_noscreen,sp500-2m/same_sector_slide1m_bd7,0.1740122580190185,0.0110174707651557,0.29450280372744386,0.10232934833711185,0.10232934833711185,250,166
sp500-12m/cross_sector_slide3m_noscreen,sp500-2m/same_sector_slide3m_noscreen,0.1739882818736148,0.0123110650129223,1.0190859121256757,-0.14886927319590457,-0.14886927319590457,251,286
core-2m/same_sector_slide1m_noscreen,sp500-12m/cross_sector_slide3m_noscreen,0.173499225816498,0.0106159902227931,1.162291649576402,-0.2503718997296322,-0.2503718997296322,252,331
sp500-2m/cross_sector_slide1m_noscreen,core-2m/cross_sector_slide1m_bd7,0.17009554930903,0.0099888572125852,0.5072430085275886,0.014162041177395564,0.014162041177395564,253,210
core-12m/cross_sector_slide1m_bd7,sp500-2m/same_sector_slide3m_bd7,0.1647528662190439,0.0071986590582248,0.452367939984604,0.02071393272771482,0.02071393272771482,254,203
sp500-2m/cross_sector_slide1m_noscreen,core-12m/cross_sector_slide3m_bd7,0.1633783769041228,0.0085791955432663,0.4874168050046886,0.013214605094563613,0.013214605094563613,255,211
core-12m/cross_sector_slide3m_noscreen,sp500-2m/cross_sector_slide3m_noscreen,0.1589333149842816,0.0115260514253724,0.4301890479739442,0.04500670502891889,0.04500670502891889,256,190
sp500-12m/cross_sector_slide3m_noscreen,sp500-12m/same_sector_slide3m_bd7,0.158787931570411,0.0101753879689443,1.0113440615879508,-0.14406438882009534,-0.14406438882009534,257,283
core-12m/cross_sector_slide1m_noscreen,sp500-12m/same_sector_slide1m_bd7,0.1572367267667529,0.0078074088063732,0.5920190931966804,-0.08905790191714581,-0.08905790191714581,258,256
sp500-12m/cross_sector_slide3m_noscreen,core-12m/same_sector_slide1m_bd7,0.1559345722403515,0.009222349978894,1.1041207067021521,-0.2845964611690639,-0.2845964611690639,259,352
sp500-2m/same_sector_slide1m_noscreen,sp500-2m/same_sector_slide1m_bd7,0.1541865456154474,0.0074708661175661,0.4054986586069413,0.04137792317108203,0.04137792317108203,260,193
sp500-12m/cross_sector_slide1m_bd7,core-2m/cross_sector_slide3m_noscreen,0.1527445578959446,0.0102858827330133,0.9298405401577057,-0.09126068209994258,-0.09126068209994258,261,258
core-2m/same_sector_slide1m_noscreen,sp500-2m/same_sector_slide3m_bd7,0.1508054642143403,0.0073077698687547,0.7202071752303028,-0.11622355244499644,-0.11622355244499644,262,271
core-2m/cross_sector_slide1m_noscreen,sp500-2m/same_sector_slide3m_bd7,0.1484800408831637,0.0084651354967623,1.3948727482443755,-0.414774658773129,-0.414774658773129,263,403
sp500-12m/same_sector_slide1m_noscreen,sp500-12m/cross_sector_slide3m_noscreen,0.145590680766852,0.0092474648719973,1.2347994904022555,-0.3065162701855339,-0.3065162701855339,264,364
sp500-12m/cross_sector_slide1m_noscreen,core-12m/cross_sector_slide3m_noscreen,0.1438937038443961,0.0082617927233474,0.8229985342282262,-0.18787405265880106,-0.18787405265880106,265,299
core-12m/cross_sector_slide3m_bd7,sp500-2m/same_sector_slide3m_bd7,0.1427950543441172,0.006374409285181,0.43908886215972737,0.010349833620994522,0.010349833620994522,266,216
sp500-12m/same_sector_slide3m_bd7,core-12m/same_sector_slide3m_noscreen,0.1405767648668912,0.0065765960386307,0.4619710087213277,0.012528855673530629,0.012528855673530629,267,213
sp500-12m/cross_sector_slide3m_noscreen,sp500-2m/same_sector_slide3m_bd7,0.1396621746549572,0.0083479364506773,1.0990740884301566,-0.22040626280758863,-0.22040626280758863,268,317
core-2m/same_sector_slide3m_noscreen,sp500-2m/cross_sector_slide1m_noscreen,0.1376483437064907,0.0084457198808763,0.5723970143455301,-0.08372734400412998,-0.08372734400412998,269,253
core-2m/cross_sector_slide1m_bd7,sp500-2m/same_sector_slide1m_noscreen,0.1363987585036579,0.0069824614755348,0.30738368996692744,0.06327727231675313,0.06327727231675313,270,182
sp500-12m/cross_sector_slide3m_noscreen,core-2m/same_sector_slide3m_noscreen,0.1361054354814375,0.0086579149311809,0.9047018414990049,-0.22295758166217958,-0.22295758166217958,271,320
sp500-12m/same_sector_slide1m_bd7,core-12m/same_sector_slide3m_noscreen,0.1356740592532159,0.0051898337404868,0.46608907700447605,0.00037233319796534006,0.00037233319796534006,272,219
sp500-2m/cross_sector_slide1m_noscreen,core-12m/same_sector_slide1m_noscreen,0.131280053683767,0.0058070339573983,0.5461100635485566,-0.016715812417678003,-0.016715812417678003,273,232
sp500-2m/same_sector_slide3m_noscreen,core-12m/same_sector_slide1m_bd7,0.1306113247208309,0.0067621323955708,0.21365160024120472,0.07713412570251964,0.07713412570251964,274,178
core-2m/same_sector_slide3m_bd7,sp500-12m/same_sector_slide3m_bd7,0.1224847856909138,0.0060901499555091,0.49062162184476127,-0.06600348649871916,-0.06600348649871916,275,251
sp500-2m/same_sector_slide3m_bd7,sp500-2m/same_sector_slide1m_bd7,0.1217557531289253,0.0056007341476738,0.28220783547545814,0.0465336884123552,0.0465336884123552,276,189
core-2m/same_sector_slide3m_noscreen,sp500-2m/same_sector_slide1m_noscreen,0.1199403209525455,0.006854025146045,0.48239762039537715,-0.09881020589835567,-0.09881020589835567,277,264
core-2m/same_sector_slide3m_noscreen,sp500-2m/cross_sector_slide3m_noscreen,0.1165207905235359,0.0070988273018779,0.2759588245920303,0.05647738114918157,0.05647738114918157,278,184
core-2m/cross_sector_slide1m_noscreen,sp500-2m/same_sector_slide1m_bd7,0.114390496738913,0.0056716055374897,1.5567566321639195,-0.5882418049652955,-0.5882418049652955,279,450
core-2m/same_sector_slide1m_noscreen,core-12m/cross_sector_slide3m_bd7,0.1140426268674704,0.0049349765412884,0.7175580384719861,-0.20112606880101344,-0.20112606880101344,280,306
sp500-12m/same_sector_slide3m_noscreen,core-2m/same_sector_slide3m_noscreen,0.1131082518095873,0.0067887856150657,0.5072115190240903,-0.09632354913784615,-0.09632354913784615,281,263
core-2m/cross_sector_slide1m_noscreen,core-2m/cross_sector_slide1m_bd7,0.1096158414932566,0.0057396324046883,1.124524173609604,-0.2759902916699501,-0.2759902916699501,282,347
sp500-12m/same_sector_slide1m_noscreen,core-12m/cross_sector_slide3m_noscreen,0.1075672472525444,0.0057570401222604,0.9014647892416351,-0.33236700674009395,-0.33236700674009395,283,374
core-2m/same_sector_slide3m_noscreen,sp500-2m/same_sector_slide3m_noscreen,0.1064486674780233,0.0059477628061626,0.5767625804443843,-0.13617345810898304,-0.13617345810898304,284,279
core-2m/same_sector_slide3m_bd7,sp500-2m/same_sector_slide3m_bd7,0.1058428379342586,0.0049935616431393,0.708755587761423,-0.19964459540521323,-0.19964459540521323,285,305
sp500-12m/same_sector_slide3m_bd7,sp500-2m/same_sector_slide1m_bd7,0.1040469699178122,0.0042100228585264,0.21714341959667555,0.04833968677144543,0.04833968677144543,286,188
sp500-12m/same_sector_slide1m_bd7,core-2m/cross_sector_slide1m_bd7,0.1031927801594067,0.0044651942304642,0.2685191912873286,0.02943160468646232,0.02943160468646232,287,199
core-2m/cross_sector_slide1m_bd7,sp500-2m/same_sector_slide3m_bd7,0.1010226379842131,0.0045560697860925,0.3160790525291107,0.01631831618956767,0.01631831618956767,288,206
core-2m/same_sector_slide1m_noscreen,sp500-2m/cross_sector_slide1m_noscreen,0.1007363711098995,0.0045453624794294,0.775736017803446,-0.21508227622107132,-0.21508227622107132,289,314
core-12m/cross_sector_slide1m_noscreen,sp500-12m/same_sector_slide3m_bd7,0.0970658727540818,0.0042408031177637,0.613992760453782,-0.17272787882743518,-0.17272787882743518,290,296
core-12m/same_sector_slide3m_bd7,sp500-2m/cross_sector_slide1m_bd7,0.0961798746077222,0.0029008063879023,-0.28295483270714716,0.2689626379298363,-0.28295483270714716,291,351
core-2m/same_sector_slide1m_bd7,core-12m/cross_sector_slide3m_bd7,0.0934719014596461,0.0033949914100627,0.7521370166153777,-0.21164712108364442,-0.21164712108364442,292,313
core-2m/same_sector_slide1m_noscreen,core-12m/cross_sector_slide1m_bd7,0.0913411474279616,0.0034730438805685,0.6541660826781813,-0.2067968962435136,-0.2067968962435136,293,308
core-12m/cross_sector_slide1m_noscreen,sp500-2m/same_sector_slide3m_noscreen,0.0909278273567899,0.0043493545755319,0.6655542762732273,-0.17045755988633698,-0.17045755988633698,294,294
sp500-12m/cross_sector_slide3m_noscreen,core-2m/cross_sector_slide1m_bd7,0.0889473090928203,0.0036835489437637,0.9930523900415628,-0.2114196986952675,-0.2114196986952675,295,312
core-2m/cross_sector_slide1m_noscreen,core-2m/same_sector_slide1m_noscreen,0.0886934312760426,0.0037932254543224,1.2458619840464267,-0.4794054865789834,-0.4794054865789834,296,431
sp500-12m/cross_sector_slide3m_bd7,core-12m/cross_sector_slide3m_noscreen,0.0875575569639815,0.0038634528224918,0.7604747577401377,-0.159944779856516,-0.159944779856516,297,291
sp500-12m/same_sector_slide3m_bd7,core-2m/cross_sector_slide1m_bd7,0.0873328780648989,0.0036137955403765,0.3722258907052084,-0.010726932038798752,-0.010726932038798752,298,225
sp500-12m/cross_sector_slide1m_noscreen,core-2m/cross_sector_slide3m_noscreen,0.0813267520887349,-0.0052296565336192,1.0787785748929692,-0.12321532617965544,-0.12321532617965544,299,274
sp500-2m/same_sector_slide3m_bd7,core-12m/same_sector_slide1m_bd7,0.0781146992083765,0.0029153573075481,0.18351897939756098,0.015037072726813734,0.015037072726813734,300,209
sp500-2m/cross_sector_slide1m_bd7,sp500-2m/same_sector_slide1m_bd7,0.077329930869835,0.0026428132485324,-0.15611533039738673,0.2057794641733584,-0.15611533039738673,301,289
sp500-2m/same_sector_slide3m_bd7,core-12m/same_sector_slide3m_bd7,0.0761853923166576,0.0031010990030972,0.23118984498195222,-0.015211909189659416,-0.015211909189659416,302,229
sp500-12m/cross_sector_slide3m_bd7,core-2m/cross_sector_slide3m_bd7,0.0755626094257842,-0.0025742459914991,0.811016976492277,-0.04501125615622319,-0.04501125615622319,303,244
core-2m/same_sector_slide3m_bd7,sp500-2m/cross_sector_slide1m_noscreen,0.0740749703235774,0.0029562794561618,0.5496414731909718,-0.1548685166070028,-0.1548685166070028,304,288
core-2m/same_sector_slide1m_bd7,core-12m/cross_sector_slide1m_bd7,0.0736674621604232,0.0023408505086605,0.7747980046363857,-0.2872493011959812,-0.2872493011959812,305,355
core-2m/same_sector_slide3m_bd7,sp500-2m/same_sector_slide1m_noscreen,0.0715872611287874,0.0028991420183377,0.3758040606697383,-0.0941731617089865,-0.0941731617089865,306,261
sp500-2m/cross_sector_slide1m_noscreen,core-12m/same_sector_slide3m_noscreen,0.0700038864332991,0.0024573882125756,0.5493792692853715,-0.11369906915476706,-0.11369906915476706,307,270
core-2m/cross_sector_slide3m_noscreen,sp500-2m/same_sector_slide3m_noscreen,0.0699601743376298,-0.0013103372257881,0.8382013811872193,-0.21739399703271817,-0.21739399703271817,308,316
core-12m/cross_sector_slide1m_bd7,core-12m/same_sector_slide1m_bd7,0.0699541307865387,0.0020939825563223,0.40606830430078505,-0.11706580321807086,-0.11706580321807086,309,272
core-12m/cross_sector_slide1m_noscreen,sp500-2m/cross_sector_slide1m_noscreen,0.0682611298253965,0.0023487114059635,0.5782520989435116,-0.18573292837887515,-0.18573292837887515,310,297
core-12m/same_sector_slide1m_bd7,sp500-2m/same_sector_slide1m_noscreen,0.0654494394849084,0.0019992860825954,0.24828253826874952,-0.016006196782309606,-0.016006196782309606,311,231
core-12m/cross_sector_slide1m_bd7,sp500-2m/same_sector_slide1m_bd7,0.0641655154572053,0.0018838094438267,0.25228309923463843,-0.041701835660511985,-0.041701835660511985,312,242
sp500-2m/same_sector_slide3m_bd7,core-12m/same_sector_slide1m_noscreen,0.056659488749445,0.001750575340678,0.4164363090119377,-0.08552879263151432,-0.08552879263151432,313,254
sp500-12m/cross_sector_slide1m_bd7,core-12m/cross_sector_slide3m_noscreen,0.0561384396711279,0.001744986901935,0.5640789834875908,-0.19259299703617228,-0.19259299703617228,314,301
sp500-2m/same_sector_slide3m_noscreen,core-12m/same_sector_slide3m_noscreen,0.0556228861181709,0.0016620740550255,0.5704433036419905,-0.15620132932161615,-0.15620132932161615,315,290
sp500-12m/cross_sector_slide3m_noscreen,sp500-2m/same_sector_slide1m_bd7,0.0537644020624929,0.0009338995037245,0.9915141466073173,-0.290270779260861,-0.290270779260861,316,357
core-2m/same_sector_slide1m_bd7,sp500-2m/same_sector_slide1m_bd7,0.0519018475800849,0.0013235106843689,0.6839808077402565,-0.2569063119635779,-0.2569063119635779,317,336
core-2m/cross_sector_slide1m_noscreen,core-12m/cross_sector_slide3m_bd7,0.0517210683283394,0.0013787758023318,1.3301907242987394,-0.5912909837870776,-0.5912909837870776,318,452
core-2m/cross_sector_slide1m_noscreen,sp500-12m/cross_sector_slide3m_noscreen,0.0516865482676834,-0.0003001732520853,1.5273130078910626,-0.45033112457792146,-0.45033112457792146,319,419
core-12m/same_sector_slide1m_noscreen,sp500-2m/same_sector_slide1m_noscreen,0.0470678707379743,0.0011682930008497,0.5673869870297559,-0.13898012276722385,-0.13898012276722385,320,281
core-2m/same_sector_slide1m_noscreen,core-2m/cross_sector_slide1m_bd7,0.0466493249575767,0.0010036767048295,0.536038120357192,-0.2099446404447911,-0.2099446404447911,321,310
sp500-12m/same_sector_slide1m_bd7,core-2m/same_sector_slide3m_noscreen,0.0456205724486421,0.0016978822089221,0.4868161288160716,-0.25953952866939795,-0.25953952866939795,322,341
core-12m/same_sector_slide1m_noscreen,sp500-2m/cross_sector_slide1m_bd7,0.041922170468743,0.0008818887206919,-0.1718053071028959,0.1198336171069419,-0.1718053071028959,323,295
core-12m/same_sector_slide1m_bd7,sp500-2m/cross_sector_slide1m_bd7,0.0394772420881538,0.0007399275334939,-0.41475155932246643,0.24773494533199375,-0.41475155932246643,324,402
core-12m/cross_sector_slide1m_noscreen,sp500-2m/same_sector_slide3m_bd7,0.0353999831140717,0.0003052178145315,0.5985664774091974,-0.26514105683924893,-0.26514105683924893,325,344
core-12m/cross_sector_slide1m_noscreen,core-12m/cross_sector_slide1m_bd7,0.0349638956024594,0.000213195248862,0.5286520840475302,-0.23854160364657104,-0.23854160364657104,326,324
core-2m/same_sector_slide1m_bd7,core-12m/same_sector_slide1m_bd7,0.0349357953248466,0.0006126448774627,0.9105977114831767,-0.44443282451809296,-0.44443282451809296,327,416
sp500-2m/cross_sector_slide3m_noscreen,core-2m/cross_sector_slide3m_bd7,0.0304692984499285,-0.0083024799284277,0.10401821761555981,0.016514947893195967,0.016514947893195967,328,205
sp500-12m/same_sector_slide3m_noscreen,core-2m/cross_sector_slide3m_noscreen,0.0280438790186326,-0.0151498905621218,0.7491457432605617,-0.14865275192380323,-0.14865275192380323,329,285
core-2m/cross_sector_slide3m_bd7,sp500-2m/cross_sector_slide3m_bd7,0.0246469697170979,-0.0087179068207131,-0.41671801687011206,0.10521467410381542,-0.41671801687011206,330,404
sp500-12m/cross_sector_slide3m_noscreen,sp500-2m/cross_sector_slide1m_bd7,0.023140950678326,-0.0017662961696412,0.8772800313642701,-0.29670498896601527,-0.29670498896601527,331,362
core-2m/cross_sector_slide3m_noscreen,sp500-2m/same_sector_slide3m_bd7,0.0223587755292501,-0.0116125467443222,0.7688152415037792,-0.19829895755177596,-0.19829895755177596,332,304
sp500-12m/cross_sector_slide1m_noscreen,core-2m/cross_sector_slide3m_bd7,0.0223524588691064,-0.0145900270613886,0.9350736676519211,-0.12785979684890106,-0.12785979684890106,333,278
core-12m/cross_sector_slide3m_bd7,core-12m/same_sector_slide1m_bd7,0.021385100740854,-0.0002224991066239,0.3248444921990498,-0.14480870413396668,-0.14480870413396668,334,284
core-2m/cross_sector_slide3m_noscreen,sp500-2m/same_sector_slide1m_noscreen,0.0210741376823676,-0.008236577303104,0.7437319724275301,-0.21678882672210045,-0.21678882672210045,335,315
core-12m/cross_sector_slide1m_bd7,core-2m/same_sector_slide3m_bd7,0.0136053892125092,-0.0001682325738446,0.6562997681475458,-0.3639645418776512,-0.3639645418776512,336,386
core-12m/cross_sector_slide1m_bd7,core-2m/cross_sector_slide1m_bd7,0.0120446416568267,-0.0012423250294749,0.40400452092861566,-0.15280596968475316,-0.15280596968475316,337,287
core-2m/cross_sector_slide1m_noscreen,core-12m/same_sector_slide3m_bd7,0.0110321911492575,-0.0013811600000587,1.4348048216845144,-0.6645519218247049,-0.6645519218247049,338,461
core-12m/cross_sector_slide1m_noscreen,core-12m/cross_sector_slide3m_bd7,0.0079389447875985,-0.0017784476021376,0.5696299516632684,-0.2930331957359929,-0.2930331957359929,339,359
core-12m/cross_sector_slide3m_noscreen,sp500-2m/same_sector_slide1m_noscreen,0.0048545531132425,-0.0019062373013959,0.5014156888891486,-0.27677285321024186,-0.27677285321024186,340,348
core-2m/same_sector_slide3m_noscreen,sp500-2m/same_sector_slide3m_bd7,0.003587807453182,-0.0011762701768255,0.5792654688892208,-0.30539136734756184,-0.30539136734756184,341,363
core-2m/same_sector_slide3m_noscreen,sp500-12m/same_sector_slide3m_bd7,0.0027660217853243,-0.0021078321887437,0.40539584743448775,-0.2452523660894686,-0.2452523660894686,342,330
sp500-12m/same_sector_slide1m_noscreen,core-2m/cross_sector_slide3m_noscreen,0.0007619466983592,-0.0139494191347135,0.9896444806046159,-0.25830179924412366,-0.25830179924412366,343,338
core-12m/cross_sector_slide1m_bd7,core-12m/same_sector_slide3m_bd7,-0.0001048452440002,-0.0010342363916679,0.5096796156583433,-0.23572622693771875,-0.23572622693771875,344,323
core-2m/same_sector_slide1m_noscreen,core-12m/same_sector_slide3m_bd7,-0.0025093114306203,-0.0013112075150024,0.7828040818376721,-0.4249618713562478,-0.4249618713562478,345,407
core-2m/same_sector_slide1m_noscreen,core-12m/same_sector_slide1m_bd7,-0.0055541247257838,-0.0012701981412265,0.6525600147473761,-0.4031751976678212,-0.4031751976678212,346,399
core-2m/cross_sector_slide1m_bd7,sp500-2m/cross_sector_slide1m_bd7,-0.0075359254083952,-0.0025515068289519,0.0250772092832476,-0.021544057020096354,-0.021544057020096354,347,235
core-12m/same_sector_slide3m_bd7,sp500-2m/same_sector_slide1m_noscreen,-0.0105674649655246,-0.0015919116400932,0.11448605362739184,-0.06473120267714781,-0.06473120267714781,348,250
core-2m/same_sector_slide1m_noscreen,sp500-2m/same_sector_slide1m_bd7,-0.011758277840736,-0.0019160717191823,0.5184925373224637,-0.2925404078482975,-0.2925404078482975,349,358
core-2m/cross_sector_slide3m_noscreen,sp500-12m/same_sector_slide3m_bd7,-0.0122194453767277,-0.0214958273304473,0.638824007181866,-0.16172214755991973,-0.16172214755991973,350,292
core-2m/cross_sector_slide1m_noscreen,core-12m/same_sector_slide1m_noscreen,-0.0125427359250318,-0.0039175791775407,1.631448343754895,-0.5903320307251192,-0.5903320307251192,351,451
sp500-2m/cross_sector_slide1m_noscreen,core-2m/cross_sector_slide3m_bd7,-0.0135004313437575,-0.0116366673444852,0.33944074361726806,-0.10292488447106812,-0.10292488447106812,352,266
sp500-12m/same_sector_slide3m_noscreen,core-2m/cross_sector_slide3m_bd7,-0.0141001448810721,-0.021170543770163,0.3239905602248889,-0.1041996535908534,-0.1041996535908534,353,267
sp500-2m/same_sector_slide3m_bd7,core-12m/same_sector_slide3m_noscreen,-0.015138520163136,-0.0020927932456521,0.5275606912881818,-0.22262029254416596,-0.22262029254416596,354,318
core-12m/cross_sector_slide1m_bd7,core-12m/same_sector_slide1m_noscreen,-0.0178259943275021,-0.0018118510318113,0.3620535454995895,-0.19557678537074855,-0.19557678537074855,355,302
core-2m/cross_sector_slide3m_noscreen,sp500-2m/cross_sector_slide1m_noscreen,-0.0184972991368342,-0.0171876604845159,0.935957895971199,-0.27683971340743935,-0.27683971340743935,356,349
core-2m/same_sector_slide1m_noscreen,core-12m/same_sector_slide1m_noscreen,-0.0219501448344457,-0.0023746211196594,0.6920537014033663,-0.42852946456583446,-0.42852946456583446,357,409
sp500-12m/cross_sector_slide3m_noscreen,core-12m/cross_sector_slide3m_bd7,-0.0225597328986336,-0.0059365843068985,0.9589788034135186,-0.3635444612553131,-0.3635444612553131,358,383
core-2m/same_sector_slide1m_bd7,core-12m/same_sector_slide3m_bd7,-0.027753652758596,-0.0016994921507631,0.9108521663997818,-0.44226002057426594,-0.44226002057426594,359,415
sp500-12m/cross_sector_slide3m_noscreen,core-2m/cross_sector_slide3m_noscreen,-0.0296031600051087,-0.0253544888665324,1.1170277216529727,-0.28522320119396044,-0.28522320119396044,360,353
sp500-12m/same_sector_slide1m_noscreen,core-2m/cross_sector_slide3m_bd7,-0.0305708914160671,-0.0175198176121791,0.8127929434866493,-0.22277087313961294,-0.22277087313961294,361,319
sp500-12m/cross_sector_slide3m_noscreen,core-12m/cross_sector_slide1m_bd7,-0.0310211343332669,-0.005996813310644,0.9201978693492888,-0.3663607364646283,-0.3663607364646283,362,387
sp500-12m/cross_sector_slide3m_noscreen,core-12m/same_sector_slide3m_bd7,-0.0333601957304996,-0.0064752257275575,1.1508993981202629,-0.4361473055123405,-0.4361473055123405,363,414
core-2m/cross_sector_slide3m_bd7,sp500-2m/same_sector_slide1m_noscreen,-0.0388049897954479,-0.014024294604306,0.1312188844894257,-0.09052965073449354,-0.09052965073449354,364,257
core-2m/same_sector_slide1m_bd7,core-2m/cross_sector_slide1m_bd7,-0.0394312058375478,-0.0041820370545182,0.5324731114789832,-0.27001020967908257,-0.27001020967908257,365,346
sp500-2m/cross_sector_slide1m_noscreen,core-12m/cross_sector_slide3m_noscreen,-0.0422185369431838,-0.0062024537468263,0.542782961062487,-0.3421562241856861,-0.3421562241856861,366,377
core-2m/cross_sector_slide3m_noscreen,sp500-12m/same_sector_slide1m_bd7,-0.0430605204160212,-0.0199162663989397,0.5711168569357856,-0.2066597788375708,-0.2066597788375708,367,307
sp500-12m/same_sector_slide1m_bd7,core-12m/cross_sector_slide3m_noscreen,-0.0441100037874288,-0.0046692314472127,0.4108628808354304,-0.3414322483130074,-0.3414322483130074,368,376
core-12m/cross_sector_slide3m_noscreen,sp500-2m/same_sector_slide3m_noscreen,-0.0441185074626966,-0.0069707502349863,0.537454094267699,-0.34129960289170475,-0.34129960289170475,369,375
sp500-2m/same_sector_slide3m_noscreen,core-2m/cross_sector_slide3m_bd7,-0.0480928081618833,-0.0176572371811362,0.278997562546299,-0.13739601192953813,-0.13739601192953813,370,280
core-2m/cross_sector_slide1m_noscreen,core-2m/same_sector_slide3m_noscreen,-0.0494667340950641,-0.0069982045131641,1.0235126383133664,-0.6763426470673224,-0.6763426470673224,371,463
sp500-12m/cross_sector_slide1m_bd7,core-2m/cross_sector_slide3m_bd7,-0.0525829404035461,-0.0278907025222228,0.4245192185558537,-0.12554771273399187,-0.12554771273399187,372,275
core-12m/same_sector_slide3m_noscreen,sp500-2m/cross_sector_slide1m_bd7,-0.0531777167061957,-0.0033557791312658,-0.11958717404041148,-0.027137607423662388,-0.11958717404041148,373,273
core-12m/cross_sector_slide1m_bd7,core-12m/same_sector_slide3m_noscreen,-0.0539398727574606,-0.0037235734425375,0.395430120344202,-0.2579859185312335,-0.2579859185312335,374,337
core-2m/same_sector_slide1m_noscreen,sp500-2m/cross_sector_slide1m_bd7,-0.0556399655792983,-0.0044193125599855,0.49924561765109204,-0.384104534047086,-0.384104534047086,375,392
sp500-12m/cross_sector_slide3m_noscreen,core-2m/same_sector_slide3m_bd7,-0.0562614073721564,-0.0092343514802893,0.9878495993879255,-0.4278547563220978,-0.4278547563220978,376,408
core-2m/same_sector_slide1m_bd7,core-2m/same_sector_slide1m_noscreen,-0.0599213858124763,-0.0054892790947935,0.8465004286791984,-0.4738196328868749,-0.4738196328868749,377,429
core-12m/same_sector_slide3m_noscreen,sp500-2m/same_sector_slide1m_noscreen,-0.0615897972757036,-0.0047228694134536,0.39013527546132654,-0.22423908957132124,-0.22423908957132124,378,321
sp500-2m/same_sector_slide3m_noscreen,core-12m/same_sector_slide1m_noscreen,-0.0618873294477863,-0.005586822941305,0.3713052063630839,-0.2511193934363812,-0.2511193934363812,379,332
core-2m/same_sector_slide3m_bd7,sp500-2m/cross_sector_slide1m_bd7,-0.0629852703723843,-0.003692077685974,0.06357778544450307,-0.16174635280854405,-0.16174635280854405,380,293
core-12m/cross_sector_slide3m_bd7,sp500-2m/same_sector_slide1m_bd7,-0.0636274345825395,-0.0044714704837122,0.23823580935893474,-0.23257039743665012,-0.23257039743665012,381,322
sp500-12m/same_sector_slide1m_bd7,core-2m/cross_sector_slide3m_bd7,-0.0646194633994244,-0.017568370204659,0.24265704015988038,-0.139840728645582,-0.139840728645582,382,282
core-2m/cross_sector_slide1m_noscreen,core-2m/cross_sector_slide3m_noscreen,-0.0647870697940797,-0.0364747602217252,1.1762162320913594,-0.36358675237631144,-0.36358675237631144,383,384
core-2m/cross_sector_slide3m_noscreen,sp500-2m/same_sector_slide1m_bd7,-0.0667938775975247,-0.0294923521361518,0.8028369544844207,-0.2796047801601471,-0.2796047801601471,384,350
core-12m/cross_sector_slide1m_bd7,core-2m/same_sector_slide3m_noscreen,-0.0670773141979257,-0.0048629897249912,0.5067012127507512,-0.4544554583305108,-0.4544554583305108,385,422
core-2m/cross_sector_slide1m_bd7,core-12m/cross_sector_slide3m_bd7,-0.0683227586418822,-0.0070248533136503,0.4073164148054739,-0.2585042876266148,-0.2585042876266148,386,339
sp500-12m/cross_sector_slide3m_noscreen,core-12m/cross_sector_slide1m_noscreen,-0.0709411667494949,-0.0112040410219413,0.9217550142999332,-0.4322569757098652,-0.4322569757098652,387,410
core-12m/cross_sector_slide1m_noscreen,sp500-2m/same_sector_slide1m_bd7,-0.072627475807185,-0.0055699438346407,0.5572622104700983,-0.4574380688211824,-0.4574380688211824,388,423
core-2m/cross_sector_slide3m_noscreen,sp500-2m/cross_sector_slide1m_bd7,-0.072938051722298,-0.0304469323629064,0.613566000837987,-0.2588345697893363,-0.2588345697893363,389,340
core-12m/cross_sector_slide1m_noscreen,core-12m/same_sector_slide1m_bd7,-0.0744507442612349,-0.0048664340688787,0.5608385168051505,-0.5245072231919324,-0.5245072231919324,390,438
sp500-12m/cross_sector_slide3m_noscreen,core-12m/same_sector_slide1m_noscreen,-0.0744834750966314,-0.0105605837445383,1.0840517783228651,-0.4334935990442249,-0.4334935990442249,391,411
sp500-2m/same_sector_slide3m_bd7,core-2m/cross_sector_slide3m_bd7,-0.0768978895618269,-0.0287254605879991,0.15261489462901884,-0.12711141731592535,-0.12711141731592535,392,277
core-2m/cross_sector_slide3m_noscreen,core-2m/cross_sector_slide3m_bd7,-0.0775666723058446,-0.0599047371157009,0.6803492468059364,-0.2695430602407631,-0.2695430602407631,393,345
core-2m/same_sector_slide1m_noscreen,core-2m/same_sector_slide3m_noscreen,-0.0819068109586762,-0.0101336661073355,0.7293349051791451,-0.4998535025183809,-0.4998535025183809,394,436
core-2m/cross_sector_slide1m_noscreen,core-2m/cross_sector_slide3m_bd7,-0.0851703818326136,-0.0374811245775269,1.0485103636232906,-0.31353124798312415,-0.31353124798312415,395,365
core-2m/cross_sector_slide1m_noscreen,core-12m/cross_sector_slide1m_noscreen,-0.089421285090302,-0.0105455407755612,1.2959354093058009,-0.7677141093240574,-0.7677141093240574,396,476
core-2m/cross_sector_slide3m_noscreen,core-2m/cross_sector_slide1m_bd7,-0.0934060091059509,-0.0309003641005805,0.5438580969009251,-0.2512636768316897,-0.2512636768316897,397,333
core-2m/cross_sector_slide1m_noscreen,core-2m/same_sector_slide1m_bd7,-0.0949021535266441,-0.0077455949557702,1.15040878911372,-0.7139462190238329,-0.7139462190238329,398,470
core-2m/same_sector_slide1m_noscreen,core-2m/same_sector_slide3m_bd7,-0.0960252184310228,-0.008236167311027,0.8557355299532162,-0.5802125816048503,-0.5802125816048503,399,448
core-12m/cross_sector_slide3m_noscreen,sp500-2m/cross_sector_slide1m_bd7,-0.0976519991444702,-0.0079849823293072,0.3085263891281114,-0.3875311880968353,-0.3875311880968353,400,394
sp500-12m/cross_sector_slide3m_noscreen,core-2m/cross_sector_slide3m_bd7,-0.0979073629787027,-0.0409081897444858,0.7655336955881518,-0.2541259366787451,-0.2541259366787451,401,334
core-2m/same_sector_slide1m_noscreen,core-2m/cross_sector_slide3m_noscreen,-0.1095294576391544,-0.0208871335389646,0.8951684182802049,-0.44994808042275847,-0.44994808042275847,402,418
core-2m/same_sector_slide3m_noscreen,core-2m/cross_sector_slide1m_bd7,-0.112154950524214,-0.0104438418927387,0.3449713101575015,-0.38810976257123014,-0.38810976257123014,403,395
core-12m/cross_sector_slide1m_noscreen,core-12m/same_sector_slide3m_bd7,-0.1133339006216521,-0.006978977919871,0.6014475666589479,-0.5117636517054106,-0.5117636517054106,404,437
core-2m/cross_sector_slide1m_bd7,core-12m/same_sector_slide1m_bd7,-0.113701647944947,-0.0082755534315192,0.2563752785576357,-0.2629472745790257,-0.2629472745790257,405,342
core-2m/cross_sector_slide1m_noscreen,core-12m/same_sector_slide3m_noscreen,-0.1158147603445318,-0.0120617616630634,1.5309030634569551,-0.7017409219965748,-0.7017409219965748,406,468
sp500-12m/cross_sector_slide3m_noscreen,core-12m/same_sector_slide3m_noscreen,-0.1269237725736146,-0.0166381907130074,1.1162724517522562,-0.4940496953602973,-0.4940496953602973,407,434
core-2m/cross_sector_slide3m_noscreen,core-12m/cross_sector_slide3m_bd7,-0.1320155288243762,-0.0414917845057435,0.7008886031042211,-0.32891748629813194,-0.32891748629813194,408,373
core-2m/same_sector_slide3m_bd7,core-12m/cross_sector_slide3m_bd7,-0.1324553693963832,-0.0091610317054203,0.4749799920750539,-0.47174181161822776,-0.47174181161822776,409,426
core-2m/cross_sector_slide3m_noscreen,core-12m/same_sector_slide1m_bd7,-0.134161226264459,-0.0347804625668584,0.6539754686498932,-0.3544615570973268,-0.3544615570973268,410,381
sp500-12m/same_sector_slide3m_bd7,core-12m/cross_sector_slide3m_noscreen,-0.1344910644723346,-0.0121202723451319,0.4466967397848415,-0.45836895636378694,-0.45836895636378694,411,424
core-2m/same_sector_slide1m_bd7,core-2m/same_sector_slide3m_bd7,-0.1346899418693348,-0.0088660739616392,0.8793699637626222,-0.6438522423799412,-0.6438522423799412,412,456
core-2m/same_sector_slide3m_bd7,sp500-2m/same_sector_slide1m_bd7,-0.1359143655913929,-0.0067969412118967,0.3558159245464637,-0.45287361379129504,-0.45287361379129504,413,421
core-2m/cross_sector_slide1m_bd7,core-12m/same_sector_slide1m_noscreen,-0.1376204896368821,-0.0111890413259269,0.29492006034019125,-0.24328484426518443,-0.24328484426518443,414,327
core-12m/cross_sector_slide1m_noscreen,core-2m/cross_sector_slide1m_bd7,-0.1378289151978393,-0.0123776966960738,0.5233222561560641,-0.4519280731178593,-0.4519280731178593,415,420
core-2m/cross_sector_slide3m_noscreen,core-12m/cross_sector_slide1m_bd7,-0.1379135077788885,-0.040094326569785,0.732135611859372,-0.3147714111377124,-0.3147714111377124,416,367
core-2m/cross_sector_slide3m_noscreen,core-12m/same_sector_slide1m_noscreen,-0.1396888067672149,-0.0422168873257619,0.8233247663109209,-0.36379871559284344,-0.36379871559284344,417,385
core-12m/cross_sector_slide1m_noscreen,core-2m/cross_sector_slide3m_noscreen,-0.1403089360094322,-0.0351386265468256,0.8117695254856916,-0.3819360889797394,-0.3819360889797394,418,391
core-2m/cross_sector_slide1m_bd7,sp500-2m/same_sector_slide1m_bd7,-0.1436579640144142,-0.0129758578872213,0.2145875721334066,-0.2644473599284218,-0.2644473599284218,419,343
core-12m/cross_sector_slide3m_noscreen,sp500-2m/same_sector_slide3m_bd7,-0.1439235621063192,-0.0122301163489796,0.4154321132540402,-0.4657803504271433,-0.4657803504271433,420,425
sp500-12m/same_sector_slide3m_bd7,core-2m/cross_sector_slide3m_bd7,-0.1630358404947819,-0.0480629621032478,-0.003783792623775284,-0.2088977912327673,-0.2088977912327673,421,309
core-2m/cross_sector_slide3m_noscreen,core-12m/same_sector_slide3m_bd7,-0.1640918926164605,-0.048393644515641,0.756961572006435,-0.37876534592095623,-0.37876534592095623,422,389
core-12m/cross_sector_slide3m_bd7,core-12m/same_sector_slide1m_noscreen,-0.1664035833677402,-0.0089733577139284,0.25640862164908873,-0.3523311048003301,-0.3523311048003301,423,380
core-12m/cross_sector_slide3m_bd7,core-12m/same_sector_slide3m_bd7,-0.1666252710521296,-0.0114201725097766,0.24211832930997695,-0.32362159026227716,-0.32362159026227716,424,369
core-2m/cross_sector_slide3m_noscreen,core-12m/same_sector_slide3m_noscreen,-0.1706692390303983,-0.0486040342153619,0.8012126065101028,-0.40128794942738233,-0.40128794942738233,425,398
core-2m/cross_sector_slide1m_bd7,core-2m/cross_sector_slide3m_bd7,-0.1708512568784872,-0.0501825571972038,0.1266680762787444,-0.24027842255521975,-0.24027842255521975,426,326
core-2m/same_sector_slide1m_noscreen,core-12m/cross_sector_slide3m_noscreen,-0.17383833161428,-0.015177690660448,0.5685793139993855,-0.5799317727167537,-0.5799317727167537,427,447
core-2m/same_sector_slide1m_bd7,core-2m/cross_sector_slide3m_noscreen,-0.1747067643641053,-0.0277591539323835,0.6531852585589032,-0.4348486834605447,-0.4348486834605447,428,413
core-2m/same_sector_slide3m_bd7,core-2m/cross_sector_slide1m_bd7,-0.1771710468602076,-0.0166332959904732,0.36505549118352826,-0.3803150029302025,-0.3803150029302025,429,390
sp500-12m/cross_sector_slide3m_noscreen,core-12m/cross_sector_slide3m_noscreen,-0.180019869939766,-0.0229081671562996,0.7977322202118089,-0.5414703728563147,-0.5414703728563147,430,442
core-2m/same_sector_slide3m_noscreen,sp500-2m/same_sector_slide1m_bd7,-0.1820843126392196,-0.0133255662278348,0.3938615683895069,-0.5425470702632729,-0.5425470702632729,431,443
core-12m/cross_sector_slide1m_bd7,core-12m/cross_sector_slide3m_noscreen,-0.1893812206008929,-0.0147617155084122,0.42105627263452244,-0.5257917150685514,-0.5257917150685514,432,440
core-12m/cross_sector_slide1m_noscreen,core-2m/same_sector_slide3m_noscreen,-0.190177553165147,-0.0163958843090786,0.640904795274055,-0.6788933603543174,-0.6788933603543174,433,465
core-2m/cross_sector_slide1m_bd7,core-12m/same_sector_slide3m_bd7,-0.1911748860525342,-0.0125117518581914,0.2374799780409081,-0.3506861090175447,-0.3506861090175447,434,379
core-12m/cross_sector_slide1m_noscreen,core-2m/cross_sector_slide3m_bd7,-0.1935680859247326,-0.0405049423004414,0.3846627104110226,-0.32406034955872565,-0.32406034955872565,435,370
core-2m/same_sector_slide3m_noscreen,core-12m/cross_sector_slide3m_bd7,-0.1944620289037406,-0.0149453694979418,0.3046205737252689,-0.5368605115897455,-0.5368605115897455,436,441
core-12m/cross_sector_slide3m_bd7,core-2m/cross_sector_slide3m_bd7,-0.1958993812145781,-0.0566094559080044,0.11931679661045513,-0.2568689046106343,-0.2568689046106343,437,335
core-2m/cross_sector_slide3m_bd7,sp500-2m/same_sector_slide1m_bd7,-0.1960389715118081,-0.0496835507403089,-0.07199100748949674,-0.23946099328080914,-0.23946099328080914,438,325
core-12m/cross_sector_slide1m_bd7,core-2m/cross_sector_slide3m_bd7,-0.198112418726316,-0.0517361616167634,0.3126381083366764,-0.28933494392299997,-0.28933494392299997,439,356
core-2m/cross_sector_slide3m_bd7,sp500-2m/cross_sector_slide1m_bd7,-0.2002524056569739,-0.0423007885830486,-0.24442933803560657,-0.21078440020038322,-0.24442933803560657,440,329
core-2m/cross_sector_slide3m_noscreen,core-2m/same_sector_slide3m_noscreen,-0.2018875565608075,-0.0481923686975783,0.7707457828869169,-0.49817443503464093,-0.49817443503464093,441,435
core-2m/same_sector_slide1m_bd7,core-2m/same_sector_slide3m_noscreen,-0.2087209598314282,-0.0157458661713315,0.6721390203161065,-0.6995590661874765,-0.6995590661874765,442,467
core-2m/same_sector_slide3m_noscreen,core-12m/same_sector_slide1m_bd7,-0.2106688201825782,-0.0140884226892676,0.36900544013013736,-0.6902278526701753,-0.6902278526701753,443,466
core-2m/same_sector_slide1m_noscreen,core-2m/cross_sector_slide3m_bd7,-0.2159382947816103,-0.03611325544183,0.48920557261173564,-0.38684045515102994,-0.38684045515102994,444,393
core-2m/same_sector_slide3m_noscreen,core-2m/same_sector_slide3m_bd7,-0.2178938097077842,-0.0228496870833642,0.5211223917181769,-0.6574666365786073,-0.6574666365786073,445,459
core-2m/same_sector_slide1m_bd7,core-2m/cross_sector_slide3m_bd7,-0.2256586310539165,-0.0536741005073862,0.42470613022541537,-0.32763732249588967,-0.32763732249588967,446,372
core-2m/same_sector_slide3m_noscreen,core-12m/same_sector_slide3m_bd7,-0.2261785430983477,-0.0175956234497576,0.3817229282799507,-0.656267153629049,-0.656267153629049,447,458
core-2m/cross_sector_slide3m_noscreen,core-2m/same_sector_slide3m_bd7,-0.2302586420953332,-0.058954493309264,0.5824808765415364,-0.4214972180925977,-0.4214972180925977,448,406
core-2m/same_sector_slide1m_bd7,core-12m/same_sector_slide1m_noscreen,-0.2309792748313727,-0.008506198864525,0.5820171242364454,-0.5691658589955689,-0.5691658589955689,449,445
core-2m/same_sector_slide1m_noscreen,core-12m/cross_sector_slide1m_noscreen,-0.2321763193979151,-0.0178991190138864,0.6849181097740427,-0.7333803777782238,-0.7333803777782238,450,473
core-12m/cross_sector_slide3m_noscreen,sp500-2m/same_sector_slide1m_bd7,-0.2374417194962867,-0.0158400611283605,0.3630435621566376,-0.6782404293987258,-0.6782404293987258,451,464
core-2m/cross_sector_slide3m_noscreen,core-12m/cross_sector_slide3m_noscreen,-0.2402933055178627,-0.0606627943114293,0.6033484628924729,-0.4481439641404739,-0.4481439641404739,452,417
core-12m/same_sector_slide1m_noscreen,core-2m/cross_sector_slide3m_bd7,-0.2499346500597265,-0.0588039953228681,-0.08777293771893613,-0.29417230615022044,-0.29417230615022044,453,360
core-12m/same_sector_slide1m_bd7,core-12m/same_sector_slide3m_bd7,-0.2524286570249855,-0.0094928768325438,0.12308599236788895,-0.3245399015478806,-0.3245399015478806,454,371
core-12m/same_sector_slide1m_bd7,core-2m/cross_sector_slide3m_bd7,-0.2566304113032455,-0.0670964359731813,-0.16659511716999245,-0.29502099563215306,-0.29502099563215306,455,361
core-2m/same_sector_slide1m_bd7,core-12m/cross_sector_slide1m_noscreen,-0.2591419126646536,-0.0160550983706693,0.7097358542293248,-0.7746531194779769,-0.7746531194779769,456,477
core-2m/cross_sector_slide1m_noscreen,core-2m/same_sector_slide3m_bd7,-0.2593941265209533,-0.0227012514493542,1.062389223323534,-0.8249700865897723,-0.8249700865897723,457,482
core-2m/cross_sector_slide1m_bd7,core-12m/same_sector_slide3m_noscreen,-0.2668828005749199,-0.0200850760434046,0.2520688325016255,-0.405272477621507,-0.405272477621507,458,400
core-12m/cross_sector_slide1m_noscreen,core-2m/same_sector_slide3m_bd7,-0.2680758030526592,-0.0180336605323945,0.616802120627759,-0.7924662282921191,-0.7924662282921191,459,478
core-12m/cross_sector_slide3m_noscreen,core-12m/cross_sector_slide3m_bd7,-0.2705783965365455,-0.0242616476189331,0.41258135171436505,-0.6463153508396401,-0.6463153508396401,460,457
core-2m/same_sector_slide3m_noscreen,sp500-2m/cross_sector_slide1m_bd7,-0.2716046538640901,-0.0201982269149986,0.1978083139135806,-0.6132016220801232,-0.6132016220801232,461,453
core-2m/same_sector_slide3m_bd7,core-12m/same_sector_slide1m_bd7,-0.2805801426814888,-0.0134767767034263,0.5181625497534339,-0.9749035294064476,-0.9749035294064476,462,490
core-12m/cross_sector_slide3m_noscreen,core-2m/cross_sector_slide3m_bd7,-0.2832583859356851,-0.0654547290555321,0.158936024658568,-0.39432403157882484,-0.39432403157882484,463,397
core-12m/cross_sector_slide3m_noscreen,core-2m/cross_sector_slide1m_bd7,-0.2991999564636226,-0.029090577772828,0.4080340616585432,-0.6202511618772347,-0.6202511618772347,464,454
core-12m/same_sector_slide1m_bd7,sp500-2m/same_sector_slide1m_bd7,-0.3053203543501232,-0.0088831728395034,-0.2223405970408391,-0.3503777761676033,-0.3503777761676033,465,378
core-12m/cross_sector_slide1m_noscreen,core-12m/cross_sector_slide3m_noscreen,-0.3057312444566779,-0.0301301917046624,0.5749255338273269,-0.7273067798443889,-0.7273067798443889,466,472
core-2m/same_sector_slide3m_bd7,core-2m/cross_sector_slide3m_bd7,-0.3095839023022823,-0.0785421399662405,0.12969397557325432,-0.4094314551308668,-0.4094314551308668,467,401
core-2m/same_sector_slide1m_bd7,core-12m/cross_sector_slide3m_noscreen,-0.3117631209324158,-0.0213961640529046,0.4311200989951486,-0.7430189930578561,-0.7430189930578561,468,474
core-2m/same_sector_slide3m_bd7,core-12m/same_sector_slide3m_bd7,-0.3121304123846372,-0.0159874409128575,0.5793258871111396,-0.8908910281616195,-0.8908910281616195,469,485
core-12m/cross_sector_slide1m_noscreen,core-12m/same_sector_slide1m_noscreen,-0.3133942266401942,-0.0189751461614609,0.5088544266380981,-0.79537989099598,-0.79537989099598,470,479
core-2m/same_sector_slide3m_noscreen,core-12m/cross_sector_slide3m_noscreen,-0.3182049049635019,-0.0306388585582942,0.27592260933306456,-0.6589887728274657,-0.6589887728274657,471,460
core-12m/cross_sector_slide1m_noscreen,core-12m/same_sector_slide3m_noscreen,-0.3240149686070558,-0.0216036988396629,0.6044680099222605,-0.8042195712041167,-0.8042195712041167,472,480
core-12m/same_sector_slide3m_bd7,core-2m/cross_sector_slide3m_bd7,-0.3244307031348751,-0.0817055183629585,-0.13385917273294615,-0.3587570741745885,-0.3587570741745885,473,382
core-12m/cross_sector_slide3m_bd7,core-12m/same_sector_slide3m_noscreen,-0.3329696776603933,-0.0196265084221695,0.28424718898058665,-0.5550964785340936,-0.5550964785340936,474,444
core-2m/same_sector_slide1m_noscreen,core-12m/same_sector_slide3m_noscreen,-0.3335588671205781,-0.0189334685882509,0.7426754642224391,-0.8350587158834565,-0.8350587158834565,475,483
core-12m/same_sector_slide3m_noscreen,core-2m/cross_sector_slide3m_bd7,-0.3429894291360104,-0.0785816920867701,-0.07999039517941131,-0.392544752617652,-0.392544752617652,476,396
core-2m/same_sector_slide3m_noscreen,core-2m/cross_sector_slide3m_bd7,-0.3490541586279383,-0.0778520835369985,0.23104661823666425,-0.4931577162776178,-0.4931577162776178,477,433
core-12m/same_sector_slide1m_noscreen,sp500-2m/same_sector_slide1m_bd7,-0.3490827668823354,-0.012288520862107,-0.012996139761750996,-0.4848847621215174,-0.4848847621215174,478,432
core-2m/same_sector_slide3m_noscreen,core-12m/same_sector_slide1m_noscreen,-0.3531149076599519,-0.0226508849779693,0.23382454051223447,-0.7541409650159728,-0.7541409650159728,479,475
core-12m/same_sector_slide1m_noscreen,core-12m/same_sector_slide1m_bd7,-0.3747164509151602,-0.0123263211917834,-0.061251613023464414,-0.4719729117403265,-0.4719729117403265,480,427
core-2m/cross_sector_slide1m_noscreen,core-12m/cross_sector_slide3m_noscreen,-0.3845986132995062,-0.0381558711864721,1.0082903872455098,-1.0080954089883676,-1.0080954089883676,481,494
core-2m/same_sector_slide1m_bd7,core-12m/same_sector_slide3m_noscreen,-0.3866693705809703,-0.0157079406957478,0.7085460486483562,-0.8067657474901415,-0.8067657474901415,482,481
core-12m/cross_sector_slide3m_noscreen,core-12m/same_sector_slide3m_bd7,-0.3933142725993878,-0.0263429485694423,0.4529419087943135,-0.9181584762689112,-0.9181584762689112,483,487
core-12m/same_sector_slide1m_noscreen,core-12m/same_sector_slide3m_bd7,-0.4127928994725284,-0.0148420723947267,0.2586821238164633,-0.5793102338946784,-0.5793102338946784,484,446
core-2m/same_sector_slide3m_bd7,core-12m/same_sector_slide1m_noscreen,-0.4259465592690208,-0.0188520803324699,0.4702629916585659,-0.9126004611769541,-0.9126004611769541,485,486
core-12m/same_sector_slide3m_bd7,sp500-2m/same_sector_slide1m_bd7,-0.4431348585217406,-0.0153087879437921,-0.08087997562938658,-0.5861946402096889,-0.5861946402096889,486,449
core-12m/cross_sector_slide3m_noscreen,core-12m/same_sector_slide1m_bd7,-0.4507189734427454,-0.0275981323248518,0.30923430381259676,-0.9923286744095657,-0.9923286744095657,487,492
core-12m/cross_sector_slide3m_noscreen,core-12m/same_sector_slide1m_noscreen,-0.4562295926506404,-0.0317699300410605,0.3426601405920792,-0.8893896898781198,-0.8893896898781198,488,484
core-12m/same_sector_slide3m_noscreen,sp500-2m/same_sector_slide1m_bd7,-0.4935171065952322,-0.0190722523950968,0.0538073295385922,-0.7243023889320894,-0.7243023889320894,489,471
core-2m/same_sector_slide3m_noscreen,core-12m/same_sector_slide3m_noscreen,-0.5007123469253485,-0.0355392221431593,0.2959542900519728,-0.9918301438935118,-0.9918301438935118,490,491
core-12m/same_sector_slide1m_bd7,core-12m/same_sector_slide3m_noscreen,-0.5118881377170249,-0.0215390465525268,0.06302843679870773,-0.704918173479987,-0.704918173479987,491,469
core-2m/same_sector_slide3m_bd7,core-12m/cross_sector_slide3m_noscreen,-0.512576198766828,-0.0370206566306848,0.3041457620320399,-1.0582748645044453,-1.0582748645044453,492,495
core-12m/cross_sector_slide3m_noscreen,core-12m/same_sector_slide3m_noscreen,-0.5151710316801464,-0.0409679250924277,0.49123850473949265,-0.997411265634741,-0.997411265634741,493,493
core-2m/same_sector_slide3m_bd7,core-12m/same_sector_slide3m_noscreen,-0.5846943823222108,-0.0285576122453036,0.5379746546232594,-1.0950851168928288,-1.0950851168928288,494,496
core-12m/same_sector_slide1m_noscreen,core-12m/same_sector_slide3m_noscreen,-0.6612445388532773,-0.0329830199619027,0.3336030876646615,-0.949753671585553,-0.949753671585553,495,489
core-12m/same_sector_slide3m_noscreen,core-12m/same_sector_slide3m_bd7,-0.6616442326811661,-0.0364291958696959,0.35422730242161043,-0.9237198642846423,-0.9237198642846423,496,488
