A,B,joined_sh,joined_ret
sp500-12m/cross_sector_slide1m_noscreen,sp500-2m/cross_sector_slide3m_bd7,1.04266998359892,0.07645085301677405
sp500-12m/same_sector_slide3m_noscreen,sp500-2m/cross_sector_slide3m_bd7,0.910050493930485,0.0812064176015097
sp500-12m/cross_sector_slide1m_bd7,sp500-2m/cross_sector_slide3m_bd7,0.9019315612262805,0.05700342372262383
sp500-12m/same_sector_slide1m_noscreen,sp500-2m/cross_sector_slide3m_bd7,0.8184499479200893,0.06223209805917498
sp500-12m/same_sector_slide1m_bd7,sp500-2m/cross_sector_slide3m_bd7,0.7764669273390806,0.05247525852129668
sp500-12m/same_sector_slide1m_noscreen,sp500-12m/same_sector_slide3m_noscreen,0.7474740075447183,0.07069238094329364
sp500-12m/same_sector_slide3m_bd7,sp500-2m/cross_sector_slide3m_bd7,0.7367373066107417,0.0534322312709552
sp500-12m/cross_sector_slide1m_noscreen,sp500-12m/same_sector_slide3m_noscreen,0.7290127801633746,0.06086487235051301
sp500-12m/cross_sector_slide1m_noscreen,sp500-2m/cross_sector_slide3m_noscreen,0.7268187674078275,0.06307457709190656
sp500-12m/same_sector_slide3m_noscreen,sp500-2m/cross_sector_slide3m_noscreen,0.7197385699191675,0.07692979977111332
sp500-12m/cross_sector_slide1m_noscreen,sp500-12m/same_sector_slide1m_noscreen,0.6889787271772148,0.05003338693893946
sp500-12m/cross_sector_slide1m_bd7,sp500-2m/cross_sector_slide3m_noscreen,0.6854620630991008,0.051862912165654196
sp500-2m/same_sector_slide3m_bd7,sp500-2m/cross_sector_slide3m_bd7,0.6842384758711995,0.05116221729537869
sp500-12m/cross_sector_slide1m_noscreen,sp500-2m/same_sector_slide1m_noscreen,0.6807050125796617,0.04386419215827928
sp500-12m/cross_sector_slide1m_noscreen,core-2m/same_sector_slide1m_noscreen,0.6615780605299648,0.04161255636546599
sp500-12m/cross_sector_slide1m_noscreen,core-2m/same_sector_slide1m_bd7,0.6602353560366321,0.037788919246748834
sp500-12m/same_sector_slide3m_bd7,sp500-2m/cross_sector_slide3m_noscreen,0.6509900173186078,0.05700855434466297
sp500-12m/same_sector_slide3m_noscreen,sp500-2m/cross_sector_slide1m_noscreen,0.6348714655943943,0.05368170188756642
sp500-12m/cross_sector_slide1m_noscreen,core-12m/same_sector_slide1m_bd7,0.6328238301001499,0.03387100865025956
sp500-2m/cross_sector_slide3m_noscreen,sp500-2m/cross_sector_slide3m_bd7,0.628969605768991,0.07309747547700182
sp500-12m/same_sector_slide3m_noscreen,sp500-2m/same_sector_slide3m_noscreen,0.6286896639757036,0.05781163297345682
sp500-12m/cross_sector_slide1m_noscreen,sp500-2m/same_sector_slide3m_noscreen,0.6286625723427902,0.0462388053450685
sp500-12m/cross_sector_slide1m_noscreen,sp500-12m/cross_sector_slide1m_bd7,0.6260529494263378,0.042448098464751324
sp500-12m/cross_sector_slide1m_bd7,sp500-12m/same_sector_slide3m_noscreen,0.6199101377577911,0.04569782282117041
sp500-12m/same_sector_slide1m_noscreen,sp500-2m/same_sector_slide3m_noscreen,0.6197722656783553,0.04829413343194964
sp500-12m/cross_sector_slide1m_noscreen,sp500-2m/cross_sector_slide1m_noscreen,0.61913034291017,0.04196058700355056
sp500-12m/cross_sector_slide3m_bd7,sp500-12m/same_sector_slide3m_noscreen,0.619070289607011,0.05330765978625411
sp500-12m/same_sector_slide1m_noscreen,sp500-2m/cross_sector_slide3m_noscreen,0.6180911593644721,0.05579771065672552
sp500-12m/same_sector_slide3m_noscreen,sp500-12m/same_sector_slide1m_bd7,0.6179972944127728,0.05016087101275581
sp500-12m/cross_sector_slide1m_bd7,core-2m/same_sector_slide1m_noscreen,0.6159632267249653,0.032456520198866114
core-2m/same_sector_slide1m_noscreen,sp500-12m/cross_sector_slide3m_bd7,0.6075764390805679,0.03658683014010662
sp500-2m/cross_sector_slide1m_noscreen,sp500-2m/cross_sector_slide3m_bd7,0.6055262162549194,0.049623020360215
sp500-12m/cross_sector_slide1m_bd7,sp500-2m/cross_sector_slide1m_bd7,0.6053405214539295,0.028556992891712207
sp500-12m/same_sector_slide1m_noscreen,sp500-2m/cross_sector_slide1m_bd7,0.6051570308303136,0.03766213910793366
sp500-12m/same_sector_slide3m_noscreen,sp500-2m/cross_sector_slide1m_bd7,0.6024741934663413,0.04611994909904915
sp500-12m/same_sector_slide3m_noscreen,core-12m/same_sector_slide1m_bd7,0.6010157547626008,0.04221796060727834
sp500-12m/same_sector_slide3m_noscreen,sp500-2m/same_sector_slide1m_noscreen,0.5979778208786447,0.04853804555959096
sp500-2m/same_sector_slide3m_noscreen,sp500-2m/cross_sector_slide3m_bd7,0.5974802289623011,0.04919909117111958
sp500-12m/same_sector_slide3m_noscreen,sp500-2m/same_sector_slide3m_bd7,0.5956874006438003,0.04648445105712025
sp500-12m/same_sector_slide1m_noscreen,sp500-2m/same_sector_slide3m_bd7,0.5946234983722855,0.037200169783760194
sp500-12m/cross_sector_slide1m_noscreen,sp500-2m/same_sector_slide3m_bd7,0.5880452578993859,0.03545142061214714
sp500-12m/cross_sector_slide3m_noscreen,sp500-2m/cross_sector_slide3m_bd7,0.5859487939629954,0.048988990741057004
sp500-12m/cross_sector_slide1m_noscreen,sp500-12m/same_sector_slide1m_bd7,0.579390992867674,0.03638157089464298
sp500-12m/same_sector_slide1m_noscreen,sp500-12m/same_sector_slide3m_bd7,0.5778308499868082,0.041759803996997524
sp500-12m/cross_sector_slide3m_bd7,sp500-2m/cross_sector_slide3m_bd7,0.5727322285314885,0.04462246079635714
core-12m/cross_sector_slide3m_bd7,sp500-2m/cross_sector_slide3m_bd7,0.5683661223658434,0.04089246364385644
sp500-12m/same_sector_slide1m_noscreen,sp500-12m/same_sector_slide1m_bd7,0.5670655561378914,0.03946728203193115
sp500-12m/cross_sector_slide1m_bd7,sp500-2m/cross_sector_slide1m_noscreen,0.5634553269981822,0.03189552199833105
core-12m/same_sector_slide3m_bd7,sp500-2m/cross_sector_slide3m_bd7,0.5633858620646912,0.0393638287385905
core-2m/same_sector_slide1m_bd7,sp500-12m/cross_sector_slide1m_bd7,0.5608890798187354,0.025690308871740043
sp500-12m/same_sector_slide1m_noscreen,sp500-2m/cross_sector_slide1m_noscreen,0.5605018061334321,0.040609927558128464
sp500-12m/cross_sector_slide1m_noscreen,sp500-2m/cross_sector_slide1m_bd7,0.5561103438151143,0.03237753771145076
sp500-12m/same_sector_slide1m_noscreen,sp500-12m/cross_sector_slide1m_bd7,0.5557972710279833,0.03370040412910678
sp500-12m/same_sector_slide1m_noscreen,sp500-2m/same_sector_slide1m_noscreen,0.5540423138229718,0.03725763681871834
sp500-12m/cross_sector_slide1m_noscreen,sp500-12m/cross_sector_slide3m_bd7,0.5529397449364117,0.04382096051443853
core-12m/cross_sector_slide1m_bd7,sp500-2m/cross_sector_slide3m_bd7,0.5504005970563034,0.03526503147313744
core-2m/cross_sector_slide1m_noscreen,sp500-2m/cross_sector_slide3m_bd7,0.5465380579809798,0.041430345614371866
sp500-12m/cross_sector_slide1m_noscreen,core-12m/same_sector_slide3m_bd7,0.5365163119501479,0.030535100893530443
sp500-12m/same_sector_slide3m_bd7,sp500-2m/cross_sector_slide1m_bd7,0.5352330104798279,0.029713788508332728
core-2m/same_sector_slide1m_bd7,sp500-12m/cross_sector_slide3m_bd7,0.5319963609234211,0.029518177043628534
sp500-12m/same_sector_slide1m_bd7,sp500-2m/cross_sector_slide3m_noscreen,0.5295467291542829,0.04296000708433749
sp500-2m/same_sector_slide1m_noscreen,sp500-2m/cross_sector_slide3m_bd7,0.52927205203279,0.03648350897402257
core-12m/same_sector_slide1m_noscreen,sp500-2m/cross_sector_slide3m_bd7,0.5288249526271908,0.032941099290159495
sp500-12m/cross_sector_slide1m_noscreen,core-12m/cross_sector_slide1m_bd7,0.5228680789510596,0.03070686600009549
sp500-12m/same_sector_slide3m_noscreen,sp500-2m/same_sector_slide1m_bd7,0.5219442521479837,0.03879334844828297
sp500-12m/cross_sector_slide1m_bd7,sp500-12m/cross_sector_slide3m_bd7,0.5204210722046748,0.036677898379580395
sp500-12m/cross_sector_slide1m_noscreen,core-2m/same_sector_slide3m_bd7,0.5188320774910549,0.031867883996961235
core-12m/same_sector_slide1m_bd7,sp500-2m/cross_sector_slide3m_bd7,0.5104536687883536,0.03432222387846595
sp500-12m/cross_sector_slide1m_bd7,sp500-12m/same_sector_slide1m_bd7,0.5074779976587527,0.025852297881323504
sp500-12m/cross_sector_slide1m_noscreen,sp500-12m/same_sector_slide3m_bd7,0.5059992585235886,0.03294667312011783
sp500-12m/same_sector_slide1m_bd7,sp500-2m/cross_sector_slide1m_bd7,0.5036942070955865,0.024617631434100763
sp500-12m/same_sector_slide1m_noscreen,core-12m/same_sector_slide1m_bd7,0.5017290120229317,0.027439901557808354
sp500-12m/cross_sector_slide3m_bd7,sp500-2m/cross_sector_slide3m_noscreen,0.49332992402581777,0.043087588787589316
core-12m/same_sector_slide3m_noscreen,sp500-2m/cross_sector_slide3m_bd7,0.4906509003227574,0.03354864182641655
core-2m/same_sector_slide1m_bd7,sp500-2m/cross_sector_slide3m_bd7,0.4869948872271957,0.03039993635948792
sp500-2m/cross_sector_slide3m_bd7,sp500-2m/same_sector_slide1m_bd7,0.47839596881569973,0.031564958792499855
sp500-12m/cross_sector_slide1m_bd7,sp500-2m/same_sector_slide1m_noscreen,0.47838624369472277,0.02476403690622688
sp500-12m/same_sector_slide1m_noscreen,sp500-12m/cross_sector_slide3m_bd7,0.4776490108549686,0.034219434188859844
sp500-12m/same_sector_slide1m_noscreen,sp500-2m/same_sector_slide1m_bd7,0.4727376168310958,0.027643632057593813
core-2m/cross_sector_slide1m_noscreen,sp500-2m/cross_sector_slide3m_noscreen,0.47098993877121237,0.046959737987661135
core-2m/same_sector_slide3m_bd7,sp500-2m/cross_sector_slide3m_bd7,0.4708698464471304,0.03437011293631942
sp500-2m/cross_sector_slide3m_bd7,sp500-2m/cross_sector_slide1m_bd7,0.4630007429836853,0.0336632666821699
sp500-2m/cross_sector_slide1m_noscreen,sp500-2m/cross_sector_slide3m_noscreen,0.4616771265391512,0.04922320660738784
core-2m/same_sector_slide1m_noscreen,sp500-2m/cross_sector_slide3m_bd7,0.4601375375378914,0.030170665430215005
core-2m/same_sector_slide1m_noscreen,sp500-12m/same_sector_slide3m_noscreen,0.45886570994485903,0.0345864706477534
core-12m/cross_sector_slide1m_noscreen,sp500-2m/cross_sector_slide3m_bd7,0.4581499327712626,0.03217587577425398
sp500-12m/cross_sector_slide1m_bd7,sp500-12m/same_sector_slide3m_bd7,0.44863469319856736,0.02571258282697104
sp500-12m/cross_sector_slide1m_noscreen,core-2m/same_sector_slide3m_noscreen,0.44806656434889475,0.03016705603866292
sp500-12m/same_sector_slide3m_noscreen,sp500-12m/same_sector_slide3m_bd7,0.4474728446992645,0.040138347061515714
sp500-12m/same_sector_slide1m_bd7,sp500-2m/cross_sector_slide1m_noscreen,0.4468588472306759,0.027222693947106212
sp500-12m/same_sector_slide1m_noscreen,core-12m/cross_sector_slide1m_bd7,0.44607205210406187,0.0269436702815093
sp500-2m/cross_sector_slide3m_noscreen,core-12m/same_sector_slide1m_bd7,0.4453320542731648,0.03244509614152493
core-2m/cross_sector_slide1m_noscreen,sp500-12m/cross_sector_slide1m_bd7,0.4449415313356682,0.027646580669067066
sp500-12m/same_sector_slide1m_noscreen,core-12m/same_sector_slide3m_bd7,0.4415586754004638,0.025477552855288098
sp500-2m/cross_sector_slide3m_noscreen,core-12m/same_sector_slide3m_bd7,0.44134556495605537,0.04085923889101646
sp500-12m/cross_sector_slide1m_noscreen,core-2m/cross_sector_slide1m_noscreen,0.43831834837455413,0.031988894811615556
sp500-12m/same_sector_slide3m_noscreen,core-12m/same_sector_slide1m_noscreen,0.4367268676730358,0.03188830336106148
sp500-12m/same_sector_slide3m_bd7,sp500-2m/same_sector_slide1m_noscreen,0.4360797537511016,0.025683738403105894
sp500-2m/cross_sector_slide1m_noscreen,sp500-12m/same_sector_slide3m_bd7,0.43257686921167726,0.02787799485346585
sp500-12m/cross_sector_slide1m_bd7,core-12m/same_sector_slide3m_bd7,0.4318487392977438,0.01863019078941348
core-2m/cross_sector_slide1m_noscreen,sp500-2m/cross_sector_slide1m_noscreen,0.4309903420537278,0.032257684178532656
core-2m/cross_sector_slide3m_noscreen,sp500-2m/cross_sector_slide3m_bd7,0.4289244026519219,0.04232911197169638
sp500-12m/same_sector_slide3m_noscreen,core-12m/cross_sector_slide3m_bd7,0.42829669172612056,0.03297163788705926
sp500-12m/cross_sector_slide1m_noscreen,core-12m/same_sector_slide1m_noscreen,0.42692804788350414,0.023026760862010453
sp500-12m/same_sector_slide1m_noscreen,core-12m/same_sector_slide1m_noscreen,0.4211924941199192,0.023320713760050404
sp500-12m/same_sector_slide1m_bd7,sp500-2m/same_sector_slide1m_noscreen,0.420016414291742,0.02278369700310696
sp500-2m/cross_sector_slide3m_noscreen,sp500-2m/same_sector_slide1m_noscreen,0.4171197723669259,0.036130784988028485
core-2m/same_sector_slide1m_bd7,sp500-12m/same_sector_slide3m_noscreen,0.41552241067045753,0.02966352399222951
sp500-12m/same_sector_slide1m_bd7,sp500-12m/same_sector_slide3m_bd7,0.41342200642922344,0.02616517778191807
sp500-12m/cross_sector_slide1m_bd7,core-12m/same_sector_slide1m_bd7,0.41274084684234147,0.017349310181144474
sp500-12m/cross_sector_slide1m_bd7,sp500-12m/cross_sector_slide3m_noscreen,0.4124917897498356,0.031080494376152325
sp500-12m/cross_sector_slide1m_noscreen,sp500-12m/cross_sector_slide3m_noscreen,0.4123196198677862,0.03683139499962942
sp500-12m/cross_sector_slide3m_bd7,sp500-12m/same_sector_slide1m_bd7,0.41017574166418563,0.02613458040105785
sp500-12m/same_sector_slide3m_noscreen,core-12m/same_sector_slide3m_bd7,0.40827865437505756,0.03156377345456409
sp500-12m/cross_sector_slide1m_noscreen,sp500-2m/same_sector_slide1m_bd7,0.40750587458056164,0.022281086372958957
sp500-12m/cross_sector_slide1m_noscreen,core-12m/cross_sector_slide3m_bd7,0.4051429905375354,0.02384335123837795
sp500-2m/cross_sector_slide3m_noscreen,sp500-2m/same_sector_slide3m_bd7,0.40046304697633506,0.03387822282708521
core-2m/cross_sector_slide1m_bd7,sp500-2m/cross_sector_slide3m_bd7,0.3992965850586881,0.027235260658318515
sp500-12m/cross_sector_slide1m_bd7,core-12m/cross_sector_slide1m_bd7,0.39766917932895535,0.018680146536999055
sp500-12m/same_sector_slide1m_noscreen,core-2m/same_sector_slide1m_bd7,0.39624725474544065,0.023254101285884142
sp500-12m/same_sector_slide3m_noscreen,core-12m/cross_sector_slide1m_bd7,0.3926163228285534,0.02790823603997099
sp500-12m/cross_sector_slide3m_bd7,sp500-12m/same_sector_slide3m_bd7,0.39233771312799065,0.028781995076832788
sp500-12m/cross_sector_slide1m_noscreen,core-2m/cross_sector_slide1m_bd7,0.390497645864874,0.028761823280566378
sp500-2m/cross_sector_slide3m_noscreen,sp500-2m/same_sector_slide3m_noscreen,0.3808158738497851,0.037713884321960836
core-2m/cross_sector_slide1m_noscreen,sp500-12m/same_sector_slide1m_noscreen,0.3800700590841225,0.026437682417905516
sp500-12m/cross_sector_slide3m_bd7,core-2m/same_sector_slide3m_bd7,0.3799104912578309,0.026859029287765557
sp500-12m/same_sector_slide1m_noscreen,core-12m/cross_sector_slide3m_bd7,0.37770228895984126,0.022819417293712486
sp500-12m/same_sector_slide1m_bd7,sp500-2m/same_sector_slide3m_bd7,0.37730345274697613,0.018592228848363933
sp500-12m/cross_sector_slide3m_noscreen,sp500-2m/cross_sector_slide3m_noscreen,0.376088735782203,0.034849271328372525
sp500-12m/cross_sector_slide1m_bd7,sp500-2m/same_sector_slide3m_noscreen,0.3726806139113277,0.022910138074644815
sp500-2m/cross_sector_slide3m_noscreen,sp500-2m/cross_sector_slide1m_bd7,0.37224341059181393,0.03158788286362348
sp500-12m/cross_sector_slide3m_bd7,core-12m/cross_sector_slide1m_bd7,0.36757954811797483,0.02456862660793231
sp500-12m/cross_sector_slide3m_bd7,core-12m/same_sector_slide3m_bd7,0.3606727785892705,0.024580174552656774
sp500-2m/cross_sector_slide1m_noscreen,sp500-2m/same_sector_slide3m_bd7,0.3582056458723374,0.022478925635056334
sp500-2m/cross_sector_slide3m_noscreen,sp500-2m/same_sector_slide1m_bd7,0.35727766559933855,0.030356667572882044
sp500-12m/cross_sector_slide3m_bd7,sp500-2m/same_sector_slide1m_noscreen,0.3570393356636054,0.023819113741176023
sp500-12m/same_sector_slide3m_bd7,sp500-2m/same_sector_slide3m_bd7,0.35591633296186187,0.020816792523055638
sp500-12m/cross_sector_slide1m_noscreen,core-12m/same_sector_slide3m_noscreen,0.3544058687322617,0.020010948872222656
sp500-12m/cross_sector_slide3m_bd7,core-2m/same_sector_slide3m_noscreen,0.35126761960144226,0.02537277740899979
sp500-12m/cross_sector_slide1m_bd7,core-2m/same_sector_slide3m_bd7,0.348884451125788,0.017550920053371843
sp500-12m/same_sector_slide3m_bd7,sp500-2m/same_sector_slide3m_noscreen,0.3483673984615888,0.024368937801987966
sp500-12m/cross_sector_slide1m_bd7,sp500-2m/same_sector_slide3m_bd7,0.34821774780523695,0.017012830249444378
core-12m/cross_sector_slide1m_bd7,sp500-12m/same_sector_slide3m_bd7,0.34530001297724205,0.018221333240431514
core-2m/same_sector_slide1m_bd7,sp500-12m/cross_sector_slide3m_noscreen,0.3445535805696685,0.022822062700107226
sp500-2m/same_sector_slide1m_noscreen,sp500-2m/cross_sector_slide1m_bd7,0.3436223195053396,0.017931378248083663
sp500-12m/cross_sector_slide3m_bd7,sp500-2m/cross_sector_slide1m_noscreen,0.34218008039755904,0.023360854248868447
sp500-12m/same_sector_slide1m_noscreen,core-2m/same_sector_slide1m_noscreen,0.342121012682645,0.021082623844824778
sp500-12m/cross_sector_slide3m_bd7,sp500-2m/same_sector_slide3m_bd7,0.3418302826014303,0.02321226088781747
sp500-2m/cross_sector_slide1m_noscreen,core-12m/same_sector_slide3m_bd7,0.338925000205492,0.018287385754452413
sp500-12m/cross_sector_slide1m_bd7,core-2m/same_sector_slide3m_noscreen,0.33854597816667353,0.019658320637666416
sp500-2m/cross_sector_slide3m_noscreen,core-12m/cross_sector_slide3m_bd7,0.33830741145192195,0.026673103475063176
sp500-12m/same_sector_slide1m_noscreen,core-12m/cross_sector_slide1m_noscreen,0.3365395188238996,0.022147804876813514
core-2m/cross_sector_slide1m_noscreen,sp500-12m/cross_sector_slide3m_bd7,0.3359426714067709,0.02531151286658879
core-2m/same_sector_slide1m_bd7,sp500-2m/same_sector_slide3m_bd7,0.33457168616553723,0.015949457175620775
sp500-12m/same_sector_slide3m_noscreen,core-2m/cross_sector_slide1m_bd7,0.3331650180057594,0.0275794972176723
sp500-12m/cross_sector_slide1m_noscreen,core-12m/cross_sector_slide1m_noscreen,0.33202435726648766,0.021200932082806778
sp500-2m/cross_sector_slide1m_noscreen,sp500-2m/cross_sector_slide1m_bd7,0.33155782806055767,0.022053239469726548
core-12m/cross_sector_slide1m_noscreen,sp500-12m/same_sector_slide3m_noscreen,0.3300645268195104,0.025558496294972775
sp500-12m/same_sector_slide1m_bd7,sp500-2m/same_sector_slide3m_noscreen,0.3280915433534601,0.020878138207662645
sp500-12m/same_sector_slide3m_noscreen,core-12m/same_sector_slide3m_noscreen,0.32474185336810807,0.023414723580882278
core-2m/cross_sector_slide1m_noscreen,sp500-12m/same_sector_slide3m_noscreen,0.32362532209665973,0.027737820856288575
sp500-12m/cross_sector_slide3m_bd7,sp500-2m/same_sector_slide3m_noscreen,0.3233846468145153,0.02384698707062327
sp500-12m/same_sector_slide1m_bd7,core-12m/cross_sector_slide1m_bd7,0.3211868890133118,0.015327901761323837
sp500-2m/cross_sector_slide1m_noscreen,core-12m/same_sector_slide1m_bd7,0.3204807013801603,0.016543222961991243
sp500-12m/cross_sector_slide1m_bd7,sp500-2m/same_sector_slide1m_bd7,0.3169152119269259,0.013977173161857693
sp500-12m/cross_sector_slide3m_bd7,sp500-2m/cross_sector_slide1m_bd7,0.3164552871303562,0.019544643920109506
sp500-2m/cross_sector_slide1m_noscreen,sp500-2m/same_sector_slide3m_noscreen,0.3161957149482578,0.024336345354563037
core-12m/cross_sector_slide1m_bd7,sp500-2m/cross_sector_slide3m_noscreen,0.31090084645143884,0.023593371532177977
core-2m/same_sector_slide1m_noscreen,sp500-12m/same_sector_slide3m_bd7,0.30823243333577943,0.017177108437079182
sp500-12m/same_sector_slide1m_noscreen,core-2m/same_sector_slide3m_bd7,0.3070286571397891,0.01839465941768852
sp500-2m/cross_sector_slide1m_noscreen,sp500-2m/same_sector_slide1m_noscreen,0.3068136985088187,0.020380129542223235
sp500-12m/same_sector_slide3m_bd7,core-12m/same_sector_slide1m_bd7,0.30259231800046354,0.014553356543953112
sp500-12m/cross_sector_slide1m_bd7,core-12m/cross_sector_slide3m_bd7,0.2958154216335828,0.014018989463255683
sp500-12m/cross_sector_slide1m_bd7,core-12m/same_sector_slide1m_noscreen,0.29246097302029994,0.012025803822209191
core-2m/cross_sector_slide1m_noscreen,sp500-2m/same_sector_slide3m_noscreen,0.29152752126659387,0.021748312089497724
core-2m/cross_sector_slide1m_noscreen,sp500-2m/same_sector_slide1m_noscreen,0.29094223375271167,0.018779300777650797
sp500-12m/same_sector_slide3m_bd7,core-12m/same_sector_slide3m_bd7,0.28953844796551187,0.014417664349327852
sp500-12m/same_sector_slide1m_bd7,core-12m/same_sector_slide1m_bd7,0.2836312094983547,0.010939351925288587
sp500-12m/cross_sector_slide3m_bd7,core-12m/same_sector_slide1m_bd7,0.28255917861375085,0.017521445319052042
sp500-12m/cross_sector_slide3m_bd7,sp500-2m/same_sector_slide1m_bd7,0.28055487452404015,0.016919483986233975
sp500-12m/same_sector_slide3m_noscreen,core-2m/same_sector_slide3m_bd7,0.2767913993294232,0.021026015528944987
core-2m/same_sector_slide3m_noscreen,sp500-2m/cross_sector_slide3m_bd7,0.2749175054396905,0.019527907382532295
core-2m/same_sector_slide1m_bd7,sp500-12m/same_sector_slide3m_bd7,0.27182224992226744,0.013345904340759596
sp500-12m/cross_sector_slide3m_bd7,core-2m/cross_sector_slide1m_bd7,0.2699140975088838,0.019125427760374604
core-12m/cross_sector_slide1m_bd7,sp500-2m/cross_sector_slide1m_noscreen,0.2698676355778362,0.014795103528911557
core-12m/cross_sector_slide1m_noscreen,sp500-2m/cross_sector_slide3m_noscreen,0.2694595855290482,0.0217089091120656
sp500-2m/same_sector_slide3m_noscreen,sp500-2m/cross_sector_slide1m_bd7,0.266937426135139,0.016511697050993625
sp500-2m/same_sector_slide3m_bd7,sp500-2m/same_sector_slide1m_noscreen,0.2666443858230844,0.015689295192077023
core-2m/same_sector_slide1m_bd7,sp500-2m/same_sector_slide1m_noscreen,0.26640780698255584,0.012888882620112651
core-2m/same_sector_slide1m_bd7,sp500-12m/same_sector_slide1m_bd7,0.26558520510111894,0.011732901458039579
sp500-12m/cross_sector_slide1m_bd7,core-2m/cross_sector_slide1m_bd7,0.2642788326990595,0.015048786914795897
core-12m/cross_sector_slide3m_noscreen,sp500-2m/cross_sector_slide3m_bd7,0.26406541526875627,0.019424582056242423
core-2m/cross_sector_slide1m_noscreen,sp500-12m/same_sector_slide1m_bd7,0.26391544970636627,0.01476547735923055
core-2m/same_sector_slide1m_bd7,sp500-2m/same_sector_slide3m_noscreen,0.26284117552830744,0.01668997810988202
sp500-12m/cross_sector_slide3m_noscreen,sp500-12m/same_sector_slide1m_bd7,0.2604821538053882,0.01693986731741397
sp500-12m/cross_sector_slide3m_noscreen,sp500-12m/same_sector_slide3m_noscreen,0.2596343802221332,0.023023192614562225
sp500-12m/cross_sector_slide3m_bd7,core-12m/cross_sector_slide3m_bd7,0.25864875682840777,0.016978119721268347
sp500-12m/cross_sector_slide1m_bd7,core-12m/same_sector_slide3m_noscreen,0.25726844746052413,0.011229083402219819
sp500-12m/same_sector_slide1m_bd7,core-12m/same_sector_slide3m_bd7,0.25456355706931894,0.010729367705555238
sp500-12m/cross_sector_slide1m_bd7,core-12m/cross_sector_slide1m_noscreen,0.2531624251272191,0.012719940585873602
sp500-12m/same_sector_slide1m_noscreen,core-2m/cross_sector_slide1m_bd7,0.2438071308263993,0.015441972527071269
sp500-12m/same_sector_slide1m_bd7,sp500-2m/same_sector_slide1m_bd7,0.24290209960274792,0.010523800274111927
core-2m/same_sector_slide1m_noscreen,sp500-2m/same_sector_slide1m_noscreen,0.24274058769684542,0.013596201254394202
core-2m/cross_sector_slide1m_noscreen,core-12m/same_sector_slide1m_bd7,0.24231350818952055,0.012598191798680025
sp500-2m/same_sector_slide3m_noscreen,sp500-2m/same_sector_slide1m_noscreen,0.24193845030486433,0.018133469296357597
sp500-2m/cross_sector_slide3m_noscreen,core-2m/cross_sector_slide1m_bd7,0.24165932009346863,0.019565113950613798
sp500-2m/same_sector_slide3m_bd7,sp500-2m/cross_sector_slide1m_bd7,0.2404616618689624,0.011292698598827467
sp500-2m/same_sector_slide3m_noscreen,sp500-2m/same_sector_slide3m_bd7,0.23694625547762893,0.018149291714174298
core-2m/same_sector_slide1m_noscreen,sp500-12m/same_sector_slide1m_bd7,0.2364531281030089,0.011881740161329368
core-12m/cross_sector_slide1m_bd7,sp500-2m/same_sector_slide1m_noscreen,0.23634587543821803,0.011390230394817102
sp500-12m/cross_sector_slide3m_noscreen,sp500-12m/cross_sector_slide3m_bd7,0.23496422158032465,0.019766019621471488
core-2m/cross_sector_slide1m_noscreen,sp500-12m/same_sector_slide3m_bd7,0.23322449477133556,0.015766065106947825
core-2m/cross_sector_slide1m_noscreen,core-12m/cross_sector_slide1m_bd7,0.2324651298444925,0.013240356220128069
core-2m/same_sector_slide3m_bd7,sp500-2m/cross_sector_slide3m_noscreen,0.23241638882732016,0.01816792951442565
core-2m/same_sector_slide1m_noscreen,sp500-2m/cross_sector_slide3m_noscreen,0.2314792825767073,0.017463945253086387
sp500-12m/cross_sector_slide3m_noscreen,sp500-2m/same_sector_slide1m_noscreen,0.23091069890271446,0.016630230636433117
core-2m/cross_sector_slide1m_noscreen,sp500-2m/cross_sector_slide1m_bd7,0.23069454377613172,0.01341358134328301
core-2m/same_sector_slide1m_bd7,sp500-2m/cross_sector_slide3m_noscreen,0.2235448593796229,0.015529155112857263
sp500-2m/cross_sector_slide1m_noscreen,sp500-2m/same_sector_slide1m_bd7,0.22341492184071177,0.012763909074933234
core-2m/same_sector_slide1m_bd7,sp500-2m/cross_sector_slide1m_noscreen,0.2219660171779571,0.011363047009632865
sp500-12m/cross_sector_slide3m_bd7,core-12m/same_sector_slide1m_noscreen,0.22048525326070828,0.012651581140078073
sp500-12m/cross_sector_slide3m_bd7,core-2m/cross_sector_slide3m_noscreen,0.22009236714634803,0.01942616699856612
sp500-12m/same_sector_slide3m_bd7,core-12m/same_sector_slide1m_noscreen,0.21798658644693,0.009747477785210724
core-12m/cross_sector_slide1m_noscreen,sp500-12m/cross_sector_slide3m_bd7,0.21670668866917636,0.013282111493947956
sp500-12m/same_sector_slide1m_noscreen,core-2m/same_sector_slide3m_noscreen,0.2125696881949366,0.01367350507247358
sp500-2m/cross_sector_slide3m_noscreen,core-12m/same_sector_slide3m_noscreen,0.21250218431476534,0.016222057099227128
sp500-12m/same_sector_slide1m_noscreen,core-12m/same_sector_slide3m_noscreen,0.20981985014920262,0.010811058341928081
core-12m/cross_sector_slide3m_bd7,sp500-2m/same_sector_slide1m_noscreen,0.20960519558775964,0.01076359138336982
sp500-12m/cross_sector_slide3m_noscreen,sp500-2m/cross_sector_slide1m_noscreen,0.20713160034950767,0.014938003006330636
core-12m/cross_sector_slide1m_noscreen,sp500-2m/same_sector_slide1m_noscreen,0.20555615602233587,0.0117157227129995
sp500-12m/same_sector_slide1m_bd7,core-12m/cross_sector_slide3m_bd7,0.20336433726555062,0.009384370817647624
sp500-12m/cross_sector_slide3m_bd7,core-12m/same_sector_slide3m_noscreen,0.20189034842293277,0.012293381651035485
core-12m/cross_sector_slide1m_bd7,core-12m/cross_sector_slide3m_bd7,0.19866380473653122,0.010302588006828373
core-2m/same_sector_slide1m_noscreen,sp500-2m/same_sector_slide3m_noscreen,0.19865449145096245,0.012960940878980587
sp500-12m/same_sector_slide1m_bd7,core-2m/same_sector_slide3m_bd7,0.19546703941938443,0.009453021278562134
core-2m/cross_sector_slide3m_noscreen,sp500-2m/cross_sector_slide3m_noscreen,0.19039223558174417,0.017193704199563852
sp500-2m/cross_sector_slide3m_noscreen,core-12m/same_sector_slide1m_noscreen,0.18958304725276537,0.012071906983845259
core-2m/same_sector_slide1m_bd7,sp500-2m/cross_sector_slide1m_bd7,0.1894746841769031,0.007427654474843592
core-12m/cross_sector_slide1m_bd7,sp500-2m/cross_sector_slide1m_bd7,0.18857639259202344,0.008145458045123944
sp500-2m/same_sector_slide3m_noscreen,core-12m/cross_sector_slide3m_bd7,0.1877178628015959,0.01141939344281071
sp500-12m/same_sector_slide1m_bd7,core-12m/same_sector_slide1m_noscreen,0.18686166483518876,0.00694558058401995
sp500-2m/same_sector_slide3m_noscreen,core-12m/same_sector_slide3m_bd7,0.1858864633996889,0.01187910868082842
core-12m/cross_sector_slide1m_bd7,sp500-2m/same_sector_slide3m_noscreen,0.18358398175623764,0.010290896534775773
core-12m/cross_sector_slide3m_bd7,sp500-2m/cross_sector_slide1m_bd7,0.18201031585129912,0.008122728139449009
core-12m/cross_sector_slide1m_noscreen,sp500-2m/cross_sector_slide1m_bd7,0.1808607571798115,0.009166842715941393
sp500-2m/same_sector_slide3m_noscreen,core-2m/cross_sector_slide1m_bd7,0.1795562666952426,0.011618871179959944
sp500-12m/same_sector_slide3m_bd7,core-12m/cross_sector_slide3m_bd7,0.1766688714349549,0.009194096103557526
sp500-12m/same_sector_slide3m_noscreen,core-12m/cross_sector_slide3m_noscreen,0.1761900186530937,0.012937265804903286
core-2m/same_sector_slide3m_bd7,sp500-2m/same_sector_slide3m_noscreen,0.1758961685126444,0.011072989886485774
sp500-2m/same_sector_slide3m_noscreen,sp500-2m/same_sector_slide1m_bd7,0.1740122580190185,0.011017470765155779
sp500-12m/cross_sector_slide3m_noscreen,sp500-2m/same_sector_slide3m_noscreen,0.17398828187361484,0.012311065012922362
core-2m/same_sector_slide1m_noscreen,sp500-12m/cross_sector_slide3m_noscreen,0.17349922581649802,0.010615990222793182
sp500-2m/cross_sector_slide1m_noscreen,core-2m/cross_sector_slide1m_bd7,0.17009554930903006,0.0099888572125852
core-12m/cross_sector_slide1m_bd7,sp500-2m/same_sector_slide3m_bd7,0.16475286621904398,0.007198659058224877
sp500-2m/cross_sector_slide1m_noscreen,core-12m/cross_sector_slide3m_bd7,0.16337837690412288,0.00857919554326636
core-12m/cross_sector_slide3m_noscreen,sp500-2m/cross_sector_slide3m_noscreen,0.15893331498428165,0.011526051425372441
sp500-12m/cross_sector_slide3m_noscreen,sp500-12m/same_sector_slide3m_bd7,0.15878793157041105,0.010175387968944304
core-12m/cross_sector_slide1m_noscreen,sp500-12m/same_sector_slide1m_bd7,0.15723672676675296,0.007807408806373273
sp500-12m/cross_sector_slide3m_noscreen,core-12m/same_sector_slide1m_bd7,0.1559345722403515,0.009222349978894017
sp500-2m/same_sector_slide1m_noscreen,sp500-2m/same_sector_slide1m_bd7,0.1541865456154474,0.0074708661175661994
sp500-12m/cross_sector_slide1m_bd7,core-2m/cross_sector_slide3m_noscreen,0.15274455789594465,0.010285882733013386
core-2m/same_sector_slide1m_noscreen,sp500-2m/same_sector_slide3m_bd7,0.15080546421434032,0.007307769868754766
core-2m/cross_sector_slide1m_noscreen,sp500-2m/same_sector_slide3m_bd7,0.14848004088316377,0.008465135496762376
sp500-12m/same_sector_slide1m_noscreen,sp500-12m/cross_sector_slide3m_noscreen,0.145590680766852,0.009247464871997301
sp500-12m/cross_sector_slide1m_noscreen,core-12m/cross_sector_slide3m_noscreen,0.14389370384439612,0.008261792723347483
core-12m/cross_sector_slide3m_bd7,sp500-2m/same_sector_slide3m_bd7,0.14279505434411727,0.006374409285181093
sp500-12m/same_sector_slide3m_bd7,core-12m/same_sector_slide3m_noscreen,0.1405767648668912,0.006576596038630767
sp500-12m/cross_sector_slide3m_noscreen,sp500-2m/same_sector_slide3m_bd7,0.13966217465495728,0.008347936450677329
core-2m/same_sector_slide3m_noscreen,sp500-2m/cross_sector_slide1m_noscreen,0.1376483437064907,0.008445719880876345
core-2m/cross_sector_slide1m_bd7,sp500-2m/same_sector_slide1m_noscreen,0.13639875850365793,0.0069824614755348065
sp500-12m/cross_sector_slide3m_noscreen,core-2m/same_sector_slide3m_noscreen,0.13610543548143758,0.008657914931180977
sp500-12m/same_sector_slide1m_bd7,core-12m/same_sector_slide3m_noscreen,0.1356740592532159,0.005189833740486894
sp500-2m/cross_sector_slide1m_noscreen,core-12m/same_sector_slide1m_noscreen,0.131280053683767,0.0058070339573983
sp500-2m/same_sector_slide3m_noscreen,core-12m/same_sector_slide1m_bd7,0.13061132472083098,0.006762132395570819
core-2m/same_sector_slide3m_bd7,sp500-12m/same_sector_slide3m_bd7,0.12248478569091384,0.006090149955509138
sp500-2m/same_sector_slide3m_bd7,sp500-2m/same_sector_slide1m_bd7,0.12175575312892531,0.005600734147673814
core-2m/same_sector_slide3m_noscreen,sp500-2m/same_sector_slide1m_noscreen,0.11994032095254559,0.0068540251460450065
core-2m/same_sector_slide3m_noscreen,sp500-2m/cross_sector_slide3m_noscreen,0.11652079052353596,0.007098827301877941
core-2m/cross_sector_slide1m_noscreen,sp500-2m/same_sector_slide1m_bd7,0.114390496738913,0.005671605537489776
core-2m/same_sector_slide1m_noscreen,core-12m/cross_sector_slide3m_bd7,0.11404262686747046,0.004934976541288494
sp500-12m/same_sector_slide3m_noscreen,core-2m/same_sector_slide3m_noscreen,0.11310825180958735,0.006788785615065751
core-2m/cross_sector_slide1m_noscreen,core-2m/cross_sector_slide1m_bd7,0.10961584149325662,0.005739632404688333
sp500-12m/same_sector_slide1m_noscreen,core-12m/cross_sector_slide3m_noscreen,0.10756724725254445,0.005757040122260482
core-2m/same_sector_slide3m_noscreen,sp500-2m/same_sector_slide3m_noscreen,0.10644866747802337,0.005947762806162693
core-2m/same_sector_slide3m_bd7,sp500-2m/same_sector_slide3m_bd7,0.10584283793425868,0.004993561643139332
sp500-12m/same_sector_slide3m_bd7,sp500-2m/same_sector_slide1m_bd7,0.10404696991781223,0.004210022858526452
sp500-12m/same_sector_slide1m_bd7,core-2m/cross_sector_slide1m_bd7,0.10319278015940676,0.004465194230464276
core-2m/cross_sector_slide1m_bd7,sp500-2m/same_sector_slide3m_bd7,0.1010226379842131,0.004556069786092509
core-2m/same_sector_slide1m_noscreen,sp500-2m/cross_sector_slide1m_noscreen,0.1007363711098995,0.0045453624794294266
core-12m/cross_sector_slide1m_noscreen,sp500-12m/same_sector_slide3m_bd7,0.09706587275408189,0.004240803117763781
core-12m/same_sector_slide3m_bd7,sp500-2m/cross_sector_slide1m_bd7,0.09617987460772226,0.002900806387902355
core-2m/same_sector_slide1m_bd7,core-12m/cross_sector_slide3m_bd7,0.09347190145964611,0.003394991410062742
core-2m/same_sector_slide1m_noscreen,core-12m/cross_sector_slide1m_bd7,0.09134114742796166,0.0034730438805685715
core-12m/cross_sector_slide1m_noscreen,sp500-2m/same_sector_slide3m_noscreen,0.09092782735678995,0.004349354575531939
sp500-12m/cross_sector_slide3m_noscreen,core-2m/cross_sector_slide1m_bd7,0.08894730909282038,0.003683548943763726
core-2m/cross_sector_slide1m_noscreen,core-2m/same_sector_slide1m_noscreen,0.08869343127604265,0.0037932254543224576
sp500-12m/cross_sector_slide3m_bd7,core-12m/cross_sector_slide3m_noscreen,0.08755755696398157,0.0038634528224918974
sp500-12m/same_sector_slide3m_bd7,core-2m/cross_sector_slide1m_bd7,0.0873328780648989,0.003613795540376552
sp500-12m/cross_sector_slide1m_noscreen,core-2m/cross_sector_slide3m_noscreen,0.08132675208873494,-0.005229656533619287
sp500-2m/same_sector_slide3m_bd7,core-12m/same_sector_slide1m_bd7,0.07811469920837652,0.0029153573075481943
sp500-2m/cross_sector_slide1m_bd7,sp500-2m/same_sector_slide1m_bd7,0.07732993086983503,0.0026428132485324827
sp500-2m/same_sector_slide3m_bd7,core-12m/same_sector_slide3m_bd7,0.07618539231665766,0.0031010990030972962
sp500-12m/cross_sector_slide3m_bd7,core-2m/cross_sector_slide3m_bd7,0.07556260942578422,-0.0025742459914991577
core-2m/same_sector_slide3m_bd7,sp500-2m/cross_sector_slide1m_noscreen,0.07407497032357742,0.0029562794561618587
core-2m/same_sector_slide1m_bd7,core-12m/cross_sector_slide1m_bd7,0.07366746216042327,0.002340850508660508
core-2m/same_sector_slide3m_bd7,sp500-2m/same_sector_slide1m_noscreen,0.07158726112878748,0.0028991420183377193
sp500-2m/cross_sector_slide1m_noscreen,core-12m/same_sector_slide3m_noscreen,0.07000388643329915,0.002457388212575684
core-2m/cross_sector_slide3m_noscreen,sp500-2m/same_sector_slide3m_noscreen,0.06996017433762984,-0.0013103372257881273
core-12m/cross_sector_slide1m_bd7,core-12m/same_sector_slide1m_bd7,0.0699541307865387,0.0020939825563223826
core-12m/cross_sector_slide1m_noscreen,sp500-2m/cross_sector_slide1m_noscreen,0.06826112982539659,0.0023487114059635994
core-12m/same_sector_slide1m_bd7,sp500-2m/same_sector_slide1m_noscreen,0.06544943948490842,0.001999286082595475
core-12m/cross_sector_slide1m_bd7,sp500-2m/same_sector_slide1m_bd7,0.06416551545720536,0.0018838094438267782
sp500-2m/same_sector_slide3m_bd7,core-12m/same_sector_slide1m_noscreen,0.05665948874944508,0.00175057534067804
sp500-12m/cross_sector_slide1m_bd7,core-12m/cross_sector_slide3m_noscreen,0.0561384396711279,0.001744986901935075
sp500-2m/same_sector_slide3m_noscreen,core-12m/same_sector_slide3m_noscreen,0.055622886118170914,0.0016620740550255864
sp500-12m/cross_sector_slide3m_noscreen,sp500-2m/same_sector_slide1m_bd7,0.05376440206249293,0.0009338995037245334
core-2m/same_sector_slide1m_bd7,sp500-2m/same_sector_slide1m_bd7,0.05190184758008498,0.001323510684368956
core-2m/cross_sector_slide1m_noscreen,core-12m/cross_sector_slide3m_bd7,0.05172106832833949,0.0013787758023318774
core-2m/cross_sector_slide1m_noscreen,sp500-12m/cross_sector_slide3m_noscreen,0.05168654826768341,-0.00030017325208535616
core-12m/same_sector_slide1m_noscreen,sp500-2m/same_sector_slide1m_noscreen,0.047067870737974346,0.0011682930008497516
core-2m/same_sector_slide1m_noscreen,core-2m/cross_sector_slide1m_bd7,0.0466493249575767,0.001003676704829526
sp500-12m/same_sector_slide1m_bd7,core-2m/same_sector_slide3m_noscreen,0.045620572448642115,0.0016978822089221523
core-12m/same_sector_slide1m_noscreen,sp500-2m/cross_sector_slide1m_bd7,0.04192217046874309,0.0008818887206919701
core-12m/same_sector_slide1m_bd7,sp500-2m/cross_sector_slide1m_bd7,0.039477242088153876,0.0007399275334939448
core-12m/cross_sector_slide1m_noscreen,sp500-2m/same_sector_slide3m_bd7,0.035399983114071706,0.0003052178145315887
core-12m/cross_sector_slide1m_noscreen,core-12m/cross_sector_slide1m_bd7,0.034963895602459424,0.00021319524886203033
core-2m/same_sector_slide1m_bd7,core-12m/same_sector_slide1m_bd7,0.03493579532484668,0.0006126448774627757
sp500-2m/cross_sector_slide3m_noscreen,core-2m/cross_sector_slide3m_bd7,0.030469298449928565,-0.008302479928427763
sp500-12m/same_sector_slide3m_noscreen,core-2m/cross_sector_slide3m_noscreen,0.028043879018632693,-0.015149890562121859
core-2m/cross_sector_slide3m_bd7,sp500-2m/cross_sector_slide3m_bd7,0.024646969717097972,-0.008717906820713139
sp500-12m/cross_sector_slide3m_noscreen,sp500-2m/cross_sector_slide1m_bd7,0.023140950678326062,-0.001766296169641235
core-2m/cross_sector_slide3m_noscreen,sp500-2m/same_sector_slide3m_bd7,0.022358775529250197,-0.011612546744322239
sp500-12m/cross_sector_slide1m_noscreen,core-2m/cross_sector_slide3m_bd7,0.02235245886910647,-0.014590027061388611
core-12m/cross_sector_slide3m_bd7,core-12m/same_sector_slide1m_bd7,0.021385100740854042,-0.00022249910662390792
core-2m/cross_sector_slide3m_noscreen,sp500-2m/same_sector_slide1m_noscreen,0.021074137682367617,-0.008236577303104009
core-12m/cross_sector_slide1m_bd7,core-2m/same_sector_slide3m_bd7,0.013605389212509233,-0.00016823257384468437
core-12m/cross_sector_slide1m_bd7,core-2m/cross_sector_slide1m_bd7,0.012044641656826786,-0.0012423250294749666
core-2m/cross_sector_slide1m_noscreen,core-12m/same_sector_slide3m_bd7,0.011032191149257515,-0.001381160000058701
core-12m/cross_sector_slide1m_noscreen,core-12m/cross_sector_slide3m_bd7,0.007938944787598531,-0.0017784476021376339
core-12m/cross_sector_slide3m_noscreen,sp500-2m/same_sector_slide1m_noscreen,0.004854553113242577,-0.0019062373013959632
core-2m/same_sector_slide3m_noscreen,sp500-2m/same_sector_slide3m_bd7,0.0035878074531820485,-0.001176270176825578
core-2m/same_sector_slide3m_noscreen,sp500-12m/same_sector_slide3m_bd7,0.002766021785324327,-0.0021078321887437524
sp500-12m/same_sector_slide1m_noscreen,core-2m/cross_sector_slide3m_noscreen,0.0007619466983592532,-0.01394941913471357
core-12m/cross_sector_slide1m_bd7,core-12m/same_sector_slide3m_bd7,-0.00010484524400020955,-0.0010342363916679754
core-2m/same_sector_slide1m_noscreen,core-12m/same_sector_slide3m_bd7,-0.0025093114306203894,-0.0013112075150024881
core-2m/same_sector_slide1m_noscreen,core-12m/same_sector_slide1m_bd7,-0.00555412472578386,-0.0012701981412265527
core-2m/cross_sector_slide1m_bd7,sp500-2m/cross_sector_slide1m_bd7,-0.0075359254083952635,-0.0025515068289519993
core-12m/same_sector_slide3m_bd7,sp500-2m/same_sector_slide1m_noscreen,-0.010567464965524654,-0.0015919116400932686
core-2m/same_sector_slide1m_noscreen,sp500-2m/same_sector_slide1m_bd7,-0.01175827784073603,-0.0019160717191823106
core-2m/cross_sector_slide3m_noscreen,sp500-12m/same_sector_slide3m_bd7,-0.012219445376727723,-0.021495827330447394
core-2m/cross_sector_slide1m_noscreen,core-12m/same_sector_slide1m_noscreen,-0.012542735925031866,-0.00391757917754072
sp500-2m/cross_sector_slide1m_noscreen,core-2m/cross_sector_slide3m_bd7,-0.013500431343757521,-0.011636667344485296
sp500-12m/same_sector_slide3m_noscreen,core-2m/cross_sector_slide3m_bd7,-0.014100144881072123,-0.02117054377016305
sp500-2m/same_sector_slide3m_bd7,core-12m/same_sector_slide3m_noscreen,-0.01513852016313606,-0.002092793245652125
core-12m/cross_sector_slide1m_bd7,core-12m/same_sector_slide1m_noscreen,-0.01782599432750219,-0.0018118510318113179
core-2m/cross_sector_slide3m_noscreen,sp500-2m/cross_sector_slide1m_noscreen,-0.018497299136834282,-0.01718766048451594
core-2m/same_sector_slide1m_noscreen,core-12m/same_sector_slide1m_noscreen,-0.021950144834445705,-0.0023746211196594034
sp500-12m/cross_sector_slide3m_noscreen,core-12m/cross_sector_slide3m_bd7,-0.022559732898633646,-0.005936584306898585
core-2m/same_sector_slide1m_bd7,core-12m/same_sector_slide3m_bd7,-0.027753652758596058,-0.0016994921507631044
sp500-12m/cross_sector_slide3m_noscreen,core-2m/cross_sector_slide3m_noscreen,-0.029603160005108726,-0.025354488866532444
sp500-12m/same_sector_slide1m_noscreen,core-2m/cross_sector_slide3m_bd7,-0.030570891416067135,-0.017519817612179134
sp500-12m/cross_sector_slide3m_noscreen,core-12m/cross_sector_slide1m_bd7,-0.031021134333266902,-0.005996813310644078
sp500-12m/cross_sector_slide3m_noscreen,core-12m/same_sector_slide3m_bd7,-0.0333601957304996,-0.006475225727557566
core-2m/cross_sector_slide3m_bd7,sp500-2m/same_sector_slide1m_noscreen,-0.038804989795447935,-0.01402429460430601
core-2m/same_sector_slide1m_bd7,core-2m/cross_sector_slide1m_bd7,-0.039431205837547896,-0.004182037054518228
sp500-2m/cross_sector_slide1m_noscreen,core-12m/cross_sector_slide3m_noscreen,-0.04221853694318389,-0.006202453746826308
core-2m/cross_sector_slide3m_noscreen,sp500-12m/same_sector_slide1m_bd7,-0.04306052041602123,-0.019916266398939775
sp500-12m/same_sector_slide1m_bd7,core-12m/cross_sector_slide3m_noscreen,-0.04411000378742887,-0.0046692314472127185
core-12m/cross_sector_slide3m_noscreen,sp500-2m/same_sector_slide3m_noscreen,-0.04411850746269665,-0.006970750234986345
sp500-2m/same_sector_slide3m_noscreen,core-2m/cross_sector_slide3m_bd7,-0.048092808161883376,-0.01765723718113623
core-2m/cross_sector_slide1m_noscreen,core-2m/same_sector_slide3m_noscreen,-0.049466734095064156,-0.006998204513164153
sp500-12m/cross_sector_slide1m_bd7,core-2m/cross_sector_slide3m_bd7,-0.05258294040354615,-0.027890702522222876
core-12m/same_sector_slide3m_noscreen,sp500-2m/cross_sector_slide1m_bd7,-0.053177716706195755,-0.003355779131265857
core-12m/cross_sector_slide1m_bd7,core-12m/same_sector_slide3m_noscreen,-0.05393987275746069,-0.003723573442537509
core-2m/same_sector_slide1m_noscreen,sp500-2m/cross_sector_slide1m_bd7,-0.05563996557929831,-0.004419312559985555
sp500-12m/cross_sector_slide3m_noscreen,core-2m/same_sector_slide3m_bd7,-0.05626140737215644,-0.009234351480289348
core-2m/same_sector_slide1m_bd7,core-2m/same_sector_slide1m_noscreen,-0.05992138581247632,-0.005489279094793509
core-12m/same_sector_slide3m_noscreen,sp500-2m/same_sector_slide1m_noscreen,-0.06158979727570366,-0.004722869413453612
sp500-2m/same_sector_slide3m_noscreen,core-12m/same_sector_slide1m_noscreen,-0.061887329447786396,-0.005586822941305081
core-2m/same_sector_slide3m_bd7,sp500-2m/cross_sector_slide1m_bd7,-0.06298527037238436,-0.00369207768597406
core-12m/cross_sector_slide3m_bd7,sp500-2m/same_sector_slide1m_bd7,-0.06362743458253957,-0.004471470483712214
sp500-12m/same_sector_slide1m_bd7,core-2m/cross_sector_slide3m_bd7,-0.06461946339942444,-0.017568370204659046
core-2m/cross_sector_slide1m_noscreen,core-2m/cross_sector_slide3m_noscreen,-0.06478706979407979,-0.036474760221725244
core-2m/cross_sector_slide3m_noscreen,sp500-2m/same_sector_slide1m_bd7,-0.06679387759752474,-0.029492352136151846
core-12m/cross_sector_slide1m_bd7,core-2m/same_sector_slide3m_noscreen,-0.06707731419792577,-0.004862989724991218
core-2m/cross_sector_slide1m_bd7,core-12m/cross_sector_slide3m_bd7,-0.06832275864188223,-0.007024853313650303
sp500-12m/cross_sector_slide3m_noscreen,core-12m/cross_sector_slide1m_noscreen,-0.0709411667494949,-0.011204041021941303
core-12m/cross_sector_slide1m_noscreen,sp500-2m/same_sector_slide1m_bd7,-0.07262747580718501,-0.005569943834640778
core-2m/cross_sector_slide3m_noscreen,sp500-2m/cross_sector_slide1m_bd7,-0.07293805172229804,-0.03044693236290641
core-12m/cross_sector_slide1m_noscreen,core-12m/same_sector_slide1m_bd7,-0.07445074426123496,-0.004866434068878789
sp500-12m/cross_sector_slide3m_noscreen,core-12m/same_sector_slide1m_noscreen,-0.07448347509663143,-0.010560583744538388
sp500-2m/same_sector_slide3m_bd7,core-2m/cross_sector_slide3m_bd7,-0.0768978895618269,-0.02872546058799914
core-2m/cross_sector_slide3m_noscreen,core-2m/cross_sector_slide3m_bd7,-0.07756667230584469,-0.0599047371157009
core-2m/same_sector_slide1m_noscreen,core-2m/same_sector_slide3m_noscreen,-0.08190681095867627,-0.010133666107335593
core-2m/cross_sector_slide1m_noscreen,core-2m/cross_sector_slide3m_bd7,-0.08517038183261363,-0.03748112457752697
core-2m/cross_sector_slide1m_noscreen,core-12m/cross_sector_slide1m_noscreen,-0.08942128509030209,-0.010545540775561224
core-2m/cross_sector_slide3m_noscreen,core-2m/cross_sector_slide1m_bd7,-0.09340600910595091,-0.030900364100580592
core-2m/cross_sector_slide1m_noscreen,core-2m/same_sector_slide1m_bd7,-0.09490215352664419,-0.007745594955770296
core-2m/same_sector_slide1m_noscreen,core-2m/same_sector_slide3m_bd7,-0.09602521843102288,-0.008236167311027031
core-12m/cross_sector_slide3m_noscreen,sp500-2m/cross_sector_slide1m_bd7,-0.09765199914447024,-0.007984982329307288
sp500-12m/cross_sector_slide3m_noscreen,core-2m/cross_sector_slide3m_bd7,-0.0979073629787027,-0.040908189744485804
core-2m/same_sector_slide1m_noscreen,core-2m/cross_sector_slide3m_noscreen,-0.10952945763915448,-0.020887133538964632
core-2m/same_sector_slide3m_noscreen,core-2m/cross_sector_slide1m_bd7,-0.11215495052421406,-0.010443841892738703
core-12m/cross_sector_slide1m_noscreen,core-12m/same_sector_slide3m_bd7,-0.11333390062165212,-0.006978977919871077
core-2m/cross_sector_slide1m_bd7,core-12m/same_sector_slide1m_bd7,-0.11370164794494704,-0.008275553431519223
core-2m/cross_sector_slide1m_noscreen,core-12m/same_sector_slide3m_noscreen,-0.11581476034453186,-0.012061761663063409
sp500-12m/cross_sector_slide3m_noscreen,core-12m/same_sector_slide3m_noscreen,-0.12692377257361467,-0.016638190713007494
core-2m/cross_sector_slide3m_noscreen,core-12m/cross_sector_slide3m_bd7,-0.13201552882437628,-0.04149178450574351
core-2m/same_sector_slide3m_bd7,core-12m/cross_sector_slide3m_bd7,-0.13245536939638322,-0.009161031705420397
core-2m/cross_sector_slide3m_noscreen,core-12m/same_sector_slide1m_bd7,-0.13416122626445906,-0.034780462566858426
sp500-12m/same_sector_slide3m_bd7,core-12m/cross_sector_slide3m_noscreen,-0.1344910644723346,-0.012120272345131956
core-2m/same_sector_slide1m_bd7,core-2m/same_sector_slide3m_bd7,-0.13468994186933486,-0.008866073961639276
core-2m/same_sector_slide3m_bd7,sp500-2m/same_sector_slide1m_bd7,-0.13591436559139297,-0.006796941211896779
core-2m/cross_sector_slide1m_bd7,core-12m/same_sector_slide1m_noscreen,-0.1376204896368821,-0.011189041325926907
core-12m/cross_sector_slide1m_noscreen,core-2m/cross_sector_slide1m_bd7,-0.13782891519783938,-0.012377696696073848
core-2m/cross_sector_slide3m_noscreen,core-12m/cross_sector_slide1m_bd7,-0.1379135077788885,-0.040094326569785024
core-2m/cross_sector_slide3m_noscreen,core-12m/same_sector_slide1m_noscreen,-0.13968880676721493,-0.04221688732576199
core-12m/cross_sector_slide1m_noscreen,core-2m/cross_sector_slide3m_noscreen,-0.14030893600943226,-0.035138626546825605
core-2m/cross_sector_slide1m_bd7,sp500-2m/same_sector_slide1m_bd7,-0.14365796401441422,-0.012975857887221354
core-12m/cross_sector_slide3m_noscreen,sp500-2m/same_sector_slide3m_bd7,-0.1439235621063192,-0.012230116348979659
sp500-12m/same_sector_slide3m_bd7,core-2m/cross_sector_slide3m_bd7,-0.16303584049478195,-0.048062962103247876
core-2m/cross_sector_slide3m_noscreen,core-12m/same_sector_slide3m_bd7,-0.1640918926164605,-0.04839364451564106
core-12m/cross_sector_slide3m_bd7,core-12m/same_sector_slide1m_noscreen,-0.16640358336774028,-0.008973357713928487
core-12m/cross_sector_slide3m_bd7,core-12m/same_sector_slide3m_bd7,-0.16662527105212965,-0.011420172509776649
core-2m/cross_sector_slide3m_noscreen,core-12m/same_sector_slide3m_noscreen,-0.17066923903039832,-0.04860403421536199
core-2m/cross_sector_slide1m_bd7,core-2m/cross_sector_slide3m_bd7,-0.17085125687848726,-0.05018255719720386
core-2m/same_sector_slide1m_noscreen,core-12m/cross_sector_slide3m_noscreen,-0.17383833161428,-0.015177690660448051
core-2m/same_sector_slide1m_bd7,core-2m/cross_sector_slide3m_noscreen,-0.17470676436410537,-0.027759153932383575
core-2m/same_sector_slide3m_bd7,core-2m/cross_sector_slide1m_bd7,-0.17717104686020765,-0.016633295990473206
sp500-12m/cross_sector_slide3m_noscreen,core-12m/cross_sector_slide3m_noscreen,-0.180019869939766,-0.02290816715629964
core-2m/same_sector_slide3m_noscreen,sp500-2m/same_sector_slide1m_bd7,-0.18208431263921968,-0.01332556622783485
core-12m/cross_sector_slide1m_bd7,core-12m/cross_sector_slide3m_noscreen,-0.18938122060089294,-0.014761715508412276
core-12m/cross_sector_slide1m_noscreen,core-2m/same_sector_slide3m_noscreen,-0.19017755316514703,-0.016395884309078658
core-2m/cross_sector_slide1m_bd7,core-12m/same_sector_slide3m_bd7,-0.19117488605253424,-0.0125117518581914
core-12m/cross_sector_slide1m_noscreen,core-2m/cross_sector_slide3m_bd7,-0.19356808592473262,-0.04050494230044142
core-2m/same_sector_slide3m_noscreen,core-12m/cross_sector_slide3m_bd7,-0.1944620289037406,-0.014945369497941808
core-12m/cross_sector_slide3m_bd7,core-2m/cross_sector_slide3m_bd7,-0.19589938121457812,-0.05660945590800441
core-2m/cross_sector_slide3m_bd7,sp500-2m/same_sector_slide1m_bd7,-0.1960389715118081,-0.049683550740308904
core-12m/cross_sector_slide1m_bd7,core-2m/cross_sector_slide3m_bd7,-0.19811241872631605,-0.05173616161676344
core-2m/cross_sector_slide3m_bd7,sp500-2m/cross_sector_slide1m_bd7,-0.2002524056569739,-0.042300788583048685
core-2m/cross_sector_slide3m_noscreen,core-2m/same_sector_slide3m_noscreen,-0.20188755656080754,-0.04819236869757837
core-2m/same_sector_slide1m_bd7,core-2m/same_sector_slide3m_noscreen,-0.20872095983142822,-0.015745866171331512
core-2m/same_sector_slide3m_noscreen,core-12m/same_sector_slide1m_bd7,-0.2106688201825782,-0.0140884226892676
core-2m/same_sector_slide1m_noscreen,core-2m/cross_sector_slide3m_bd7,-0.21593829478161033,-0.03611325544183008
core-2m/same_sector_slide3m_noscreen,core-2m/same_sector_slide3m_bd7,-0.21789380970778427,-0.022849687083364257
core-2m/same_sector_slide1m_bd7,core-2m/cross_sector_slide3m_bd7,-0.2256586310539165,-0.05367410050738628
core-2m/same_sector_slide3m_noscreen,core-12m/same_sector_slide3m_bd7,-0.22617854309834778,-0.017595623449757625
core-2m/cross_sector_slide3m_noscreen,core-2m/same_sector_slide3m_bd7,-0.23025864209533325,-0.058954493309264014
core-2m/same_sector_slide1m_bd7,core-12m/same_sector_slide1m_noscreen,-0.23097927483137276,-0.00850619886452506
core-2m/same_sector_slide1m_noscreen,core-12m/cross_sector_slide1m_noscreen,-0.23217631939791517,-0.01789911901388643
core-12m/cross_sector_slide3m_noscreen,sp500-2m/same_sector_slide1m_bd7,-0.2374417194962867,-0.01584006112836054
core-2m/cross_sector_slide3m_noscreen,core-12m/cross_sector_slide3m_noscreen,-0.2402933055178627,-0.06066279431142933
core-12m/same_sector_slide1m_noscreen,core-2m/cross_sector_slide3m_bd7,-0.2499346500597265,-0.058803995322868174
core-12m/same_sector_slide1m_bd7,core-12m/same_sector_slide3m_bd7,-0.2524286570249855,-0.00949287683254385
core-12m/same_sector_slide1m_bd7,core-2m/cross_sector_slide3m_bd7,-0.2566304113032455,-0.06709643597318135
core-2m/same_sector_slide1m_bd7,core-12m/cross_sector_slide1m_noscreen,-0.2591419126646536,-0.016055098370669364
core-2m/cross_sector_slide1m_noscreen,core-2m/same_sector_slide3m_bd7,-0.2593941265209533,-0.022701251449354264
core-2m/cross_sector_slide1m_bd7,core-12m/same_sector_slide3m_noscreen,-0.2668828005749199,-0.020085076043404614
core-12m/cross_sector_slide1m_noscreen,core-2m/same_sector_slide3m_bd7,-0.26807580305265927,-0.018033660532394545
core-12m/cross_sector_slide3m_noscreen,core-12m/cross_sector_slide3m_bd7,-0.2705783965365455,-0.02426164761893319
core-2m/same_sector_slide3m_noscreen,sp500-2m/cross_sector_slide1m_bd7,-0.2716046538640901,-0.020198226914998684
core-2m/same_sector_slide3m_bd7,core-12m/same_sector_slide1m_bd7,-0.28058014268148884,-0.013476776703426396
core-12m/cross_sector_slide3m_noscreen,core-2m/cross_sector_slide3m_bd7,-0.2832583859356851,-0.06545472905553218
core-12m/cross_sector_slide3m_noscreen,core-2m/cross_sector_slide1m_bd7,-0.2991999564636226,-0.029090577772828086
core-12m/same_sector_slide1m_bd7,sp500-2m/same_sector_slide1m_bd7,-0.3053203543501232,-0.008883172839503439
core-12m/cross_sector_slide1m_noscreen,core-12m/cross_sector_slide3m_noscreen,-0.30573124445667793,-0.03013019170466249
core-2m/same_sector_slide3m_bd7,core-2m/cross_sector_slide3m_bd7,-0.3095839023022823,-0.07854213996624053
core-2m/same_sector_slide1m_bd7,core-12m/cross_sector_slide3m_noscreen,-0.3117631209324158,-0.021396164052904676
core-2m/same_sector_slide3m_bd7,core-12m/same_sector_slide3m_bd7,-0.31213041238463723,-0.01598744091285751
core-12m/cross_sector_slide1m_noscreen,core-12m/same_sector_slide1m_noscreen,-0.3133942266401942,-0.01897514616146092
core-2m/same_sector_slide3m_noscreen,core-12m/cross_sector_slide3m_noscreen,-0.3182049049635019,-0.030638858558294246
core-12m/cross_sector_slide1m_noscreen,core-12m/same_sector_slide3m_noscreen,-0.32401496860705586,-0.021603698839662934
core-12m/same_sector_slide3m_bd7,core-2m/cross_sector_slide3m_bd7,-0.3244307031348751,-0.08170551836295852
core-12m/cross_sector_slide3m_bd7,core-12m/same_sector_slide3m_noscreen,-0.3329696776603933,-0.019626508422169574
core-2m/same_sector_slide1m_noscreen,core-12m/same_sector_slide3m_noscreen,-0.33355886712057814,-0.018933468588250978
core-12m/same_sector_slide3m_noscreen,core-2m/cross_sector_slide3m_bd7,-0.3429894291360104,-0.07858169208677013
core-2m/same_sector_slide3m_noscreen,core-2m/cross_sector_slide3m_bd7,-0.34905415862793837,-0.0778520835369985
core-12m/same_sector_slide1m_noscreen,sp500-2m/same_sector_slide1m_bd7,-0.34908276688233547,-0.012288520862107055
core-2m/same_sector_slide3m_noscreen,core-12m/same_sector_slide1m_noscreen,-0.3531149076599519,-0.0226508849779693
core-12m/same_sector_slide1m_noscreen,core-12m/same_sector_slide1m_bd7,-0.3747164509151602,-0.012326321191783497
core-2m/cross_sector_slide1m_noscreen,core-12m/cross_sector_slide3m_noscreen,-0.3845986132995062,-0.03815587118647219
core-2m/same_sector_slide1m_bd7,core-12m/same_sector_slide3m_noscreen,-0.38666937058097034,-0.01570794069574786
core-12m/cross_sector_slide3m_noscreen,core-12m/same_sector_slide3m_bd7,-0.3933142725993878,-0.02634294856944237
core-12m/same_sector_slide1m_noscreen,core-12m/same_sector_slide3m_bd7,-0.4127928994725284,-0.014842072394726746
core-2m/same_sector_slide3m_bd7,core-12m/same_sector_slide1m_noscreen,-0.42594655926902086,-0.018852080332469944
core-12m/same_sector_slide3m_bd7,sp500-2m/same_sector_slide1m_bd7,-0.44313485852174067,-0.015308787943792156
core-12m/cross_sector_slide3m_noscreen,core-12m/same_sector_slide1m_bd7,-0.4507189734427454,-0.027598132324851844
core-12m/cross_sector_slide3m_noscreen,core-12m/same_sector_slide1m_noscreen,-0.4562295926506404,-0.03176993004106059
core-12m/same_sector_slide3m_noscreen,sp500-2m/same_sector_slide1m_bd7,-0.49351710659523224,-0.01907225239509689
core-2m/same_sector_slide3m_noscreen,core-12m/same_sector_slide3m_noscreen,-0.5007123469253485,-0.03553922214315934
core-12m/same_sector_slide1m_bd7,core-12m/same_sector_slide3m_noscreen,-0.5118881377170249,-0.021539046552526874
core-2m/same_sector_slide3m_bd7,core-12m/cross_sector_slide3m_noscreen,-0.512576198766828,-0.03702065663068484
core-12m/cross_sector_slide3m_noscreen,core-12m/same_sector_slide3m_noscreen,-0.5151710316801464,-0.04096792509242777
core-2m/same_sector_slide3m_bd7,core-12m/same_sector_slide3m_noscreen,-0.5846943823222108,-0.0285576122453036
core-12m/same_sector_slide1m_noscreen,core-12m/same_sector_slide3m_noscreen,-0.6612445388532773,-0.03298301996190274
core-12m/same_sector_slide3m_noscreen,core-12m/same_sector_slide3m_bd7,-0.6616442326811661,-0.03642919586969599
