trade_id,pair,entry_date,exit_date,holding_days,exit_reason,hr_entry,anchor_hr,entry_drift,trade_return,trade_pnl,is_win,entry_notional,entry_score,entry_phi,entry_z,mae,mfe,fold_id
1,CL-MDLZ,2020-03-12,2020-03-17,5,stop_loss,0.8350344840803345,0.7570393544970437,0.10302651918949264,-0.05486064993540446,-9874.916988372803,False,180000.0,2.210890404081694,0.5872529916247494,-2.3769016058194445,-4.957330738275421,-2.183538361236871,1
2,TMO-UNH,2020-03-18,2020-03-25,7,signal,1.1124379635395552,1.2160115801997713,0.08517486045914188,0.19491132140633513,34737.58589172363,True,178222.51494209288,2.135337273115731,0.5444134238359496,-2.2425862820061204,-2.2425862820061204,-0.020778884089632806,1
3,GILD-PFE,2020-04-17,2020-04-21,4,signal,-0.8981157959930813,-0.9489975735127119,0.05361634101053785,0.09332176086086054,17215.558002471924,True,184475.28040260315,1.9343058544043477,0.6843915081005535,2.276053496214544,2.276053496214544,0.3843102588621641,1
4,ORCL-TXN,2020-05-15,2020-05-18,3,signal,1.1368721984020664,1.4275850983252099,0.20363962909405336,0.05214712672319097,9781.449363708496,True,187574.08084304808,0.88852789881143,0.9058730097122367,-2.278332179080918,-2.278332179080918,1.0585794406702382,1
5,CL-MDLZ,2020-05-20,2020-05-29,9,timeout,1.2370903939524738,0.7570393544970437,0.6341163594782504,0.014987296748931041,2837.6159591674805,True,189334.74172851563,1.613595767016507,0.7765585552625729,-2.248613507531154,-2.709367175641896,-1.0659432567306175,1
6,TMO-UNH,2020-05-26,2020-05-29,3,timeout,1.1839262552967433,1.2160115801997713,0.026385706703349693,0.025303363269376454,4803.773986816406,True,189847.25214889526,2.0482486891080343,0.5977285814028981,2.217437442633028,2.843441743478714,1.0158175151575697,1
1,TMO-UNH,2020-07-06,2020-07-09,3,stop_loss,1.0564331909389946,1.144573419265047,0.07700705506742325,-0.053312071397569445,-9596.1728515625,False,180000.0,1.971622146241273,0.663287381496023,-2.26202898702179,-5.820205579151169,-2.26202898702179,2
2,COST-PG,2020-07-07,2020-07-09,2,stop_loss,1.169590024715073,0.7780907959012815,0.5031536562006346,-0.03230197962041936,-5798.912940979004,False,179521.9057507324,1.9229282427392205,0.7054974361363142,-2.3301842073097885,-6.1157715083577155,-1.7192168948697786,2
3,CVX-MPC,2020-07-09,2020-07-14,5,signal,1.727285075626551,2.267556402655978,0.238261472304111,0.031644984387784646,5608.405284881592,True,177228.88455734254,1.4511577182539959,0.8317170325399768,2.4105422968999988,4.275804729717678,0.5133692617840134,2
4,EOG-MPC,2020-07-09,2020-07-24,15,max_exit_on_loss,1.3290842115277313,1.576633774507807,0.1570114550269327,-0.00783219908520105,-1388.0919075012207,False,177228.88455734254,1.8243586249904187,0.7792645022686417,2.559995922426434,4.375551636522049,1.2435038220184034,2
6,CVX-MPC,2020-07-31,2020-08-04,4,signal,2.0546079455794537,2.267556402655978,0.09391098577618559,0.07574684619643282,13493.58012008667,True,178140.48765930175,0.6716905074197324,0.930465850510515,2.219969253055046,2.219969253055046,0.5367237252305009,2
5,COST-PG,2020-07-30,2020-08-04,5,signal,1.1256748149508833,0.7780907959012815,0.44671395790896967,0.03383290312776955,6021.869064331055,True,177988.54096527098,2.018831591382129,0.6372684446904515,2.2559355222594917,2.2559355222594917,0.44532204702320777,2
7,EOG-MPC,2020-08-05,2020-08-12,7,signal,1.4699208778530997,1.576633774507807,0.06768401031369564,0.09473687790441361,17194.868564605713,True,181501.32181846618,1.0371776209616805,0.8968915512536925,-2.4716062899906093,-2.8802528274481602,-0.825042362332935,2
8,COP-PSX,2020-08-12,2020-08-20,8,signal,1.1181607649151024,1.1756879180012016,0.048930632190132314,0.037711353758430086,6961.380073547363,True,184596.3981600952,0.9472238507988933,0.9032186522480534,-2.374736088555811,-2.3760312115224638,-0.7598450895279997,2
9,EOG-MPC,2020-08-27,2020-08-31,4,timeout,0.9553691081067154,1.576633774507807,0.39404500680257076,0.005434151781055908,1009.9341011047363,True,185849.44657333373,0.7108596474288154,0.9327569515912187,-2.4183950573724418,-2.4183950573724418,-1.4008368143950765,2
2,KO-PEP,2020-09-04,2020-09-10,6,stop_loss,0.4742938022821934,0.4232347352048236,0.12064006762738866,-0.019163702212386283,-3447.0838775634766,False,179875.67534500122,1.0908962839280196,0.8795192696446874,-2.302887765578037,-4.968823243737529,-2.302887765578037,3
4,DIS-TMUS,2020-09-08,2020-09-14,6,signal,0.8394229058890229,0.6815234045476484,0.23168610246947882,0.024720181393257386,4445.271041870117,True,179823.56080455778,1.2408075510506966,0.8506914604472426,-2.2377576325058968,-2.2377576325058968,-0.8655546696243123,3
1,T-VZ,2020-09-02,2020-09-15,13,stop_loss,0.4947156510269457,0.847614085788372,0.4163432872085802,-0.010815418412950304,-1946.7753143310547,False,180000.0,0.35775009150520853,0.9756544396682878,3.085561025129151,4.732106845337312,2.1370195032914285,3
3,T-TMUS,2020-09-08,2020-09-15,7,signal,0.852893721633786,1.1917242502654943,0.28431957187765805,0.050337520429361356,9051.872165679932,True,179823.56080455778,0.6590334907394767,0.9330678337645807,-2.251095883486044,-2.251095883486044,0.40727856890482267,3
5,KO-PEP,2020-09-28,2020-10-13,15,max_exit_on_loss,0.36958007543407945,0.4232347352048236,0.12677281732270407,-0.03331181059401238,-6044.714218139648,False,181458.59112281798,0.8839175628964868,0.9141795653407614,2.4451051220208333,4.419781496659873,1.595067633064732,3
6,DIS-TMUS,2020-10-12,2020-10-14,2,signal,0.5698756073670719,0.6815234045476484,0.1638209288713733,0.035689063800850435,6456.762886047363,True,180917.1269405365,1.4800479972003966,0.8043995748713351,2.2316429974675316,2.2316429974675316,-0.493360906113175,3
7,HD-MCD,2020-10-22,2020-10-28,6,signal,1.2489342913833872,0.9612551392230847,0.2992745010370643,0.012304452013243294,2233.6611328125,True,181532.75988304138,0.7067160808215044,0.9276324824211679,2.2570006310612465,2.399217001038966,0.9313740866602751,3
8,HD-MCD,2020-11-04,2020-11-09,5,signal,1.3082237565936552,0.9612551392230847,0.3609537189585285,0.051281208367073734,9329.837356567383,True,181934.8188869476,0.774983400710263,0.9237455122916738,-2.3671385509951235,-2.6932881590558875,-0.1436402763355359,3
9,DIS-TMUS,2020-11-06,2020-11-09,3,signal,0.6165701907592884,0.6815234045476484,0.09530591811659311,0.07942129863807193,14451.663139343262,True,181962.06039390565,1.6167109457139992,0.7987456538855844,2.3955501584929197,2.3955501584929197,-0.26043438228470955,3
1,AMZN-LOW,2020-12-09,2020-12-24,15,max_exit_on_loss,0.5536077167512534,1.058840055935557,0.47715642825572613,-0.004279325103759766,-770.2785186767578,False,180000.0,0.9242830320110403,0.9076672355290281,2.407454674444625,2.8349479201297383,1.6665625520704992,4
2,ADBE-INTC,2020-12-18,2020-12-31,13,signal,0.89247668503483,1.5867667507822607,0.4375501726420423,0.05473197861914032,9848.553363800049,True,179941.48233398437,1.68849810042138,0.8238845031104194,-2.7216491049914344,-3.7116141022015197,-0.9373618507956848,4
4,AMZN-HD,2020-12-29,2021-01-06,8,signal,0.4125688635853425,0.5435327722125423,0.24094942443689085,0.027936941752982197,5049.089767456055,True,180731.65674682616,1.3091361971417703,0.842045748441473,-2.270162915245823,-2.270162915245823,0.3524580364201171,4
3,AMZN-LOW,2020-12-28,2021-01-06,9,signal,0.5208931948478988,1.058840055935557,0.5080529944745487,0.02942889741692014,5292.049377441406,True,179824.9286226654,1.1449995835534725,0.8658410181393381,-2.2303199352066763,-3.8877458566588,1.0148348147239474,4
5,AMZN-LOW,2021-02-01,2021-02-03,2,signal,0.858148544107721,1.058840055935557,0.18953902499515046,0.047612279037549166,8736.638687133789,True,183495.49451820372,1.3858658017931893,0.8509029060303506,-2.5018651083928916,-2.5018651083928916,-0.774298081719088,4
6,ADBE-ORCL,2021-02-11,2021-02-22,11,stop_loss,0.7583705148637578,0.6707570506633038,0.13061877488103044,0.07253489787202862,13423.894969940186,True,185068.08948188782,0.7036890364098779,0.9320555627001318,-2.3726048219882037,-4.432274421108714,6.763602069216583,4
7,AMZN-HD,2021-02-23,2021-02-25,2,stop_loss,0.44576582177186097,0.5435327722125423,0.1798731473774881,-0.025707392018783148,-4819.734725952148,False,187484.39057647705,1.5301140501449337,0.8011189304553251,-2.283677289096858,-4.577202556834544,-2.283677289096858,4
8,AMZN-LOW,2021-02-24,2021-02-26,2,timeout,1.1249544491103192,1.058840055935557,0.06244039673805647,0.007935620084081739,1481.8296356201172,True,186731.42362152098,1.3869672699189761,0.8290459779172047,-2.279866676034084,-2.279866676034084,-1.5237403461632595,4
2,AXP-GS,2021-03-05,2021-03-10,5,signal,1.408987850869444,0.9648165963944363,0.4603685883253833,0.05023618638780382,9042.513549804688,True,180000.0,0.8464201540242534,0.9190780561035927,-2.458992299501884,-2.7003817238943153,-0.8098125434818221,5
1,COST-WMT,2021-03-05,2021-03-22,17,signal,0.9436173824615399,1.041256975187483,0.09377088946593859,0.021596678755018445,3887.4021759033203,True,180000.0,1.705573346042809,0.7596883456634169,2.2833318641652163,2.8600888400224846,0.802164150410326,5
3,GS-JPM,2021-03-26,2021-04-12,17,max_exit_on_loss,0.702087647575456,0.9318154547956973,0.24653788047613953,-0.0019360336843863308,-352.99195861816406,False,182327.38483062744,1.1960566420428662,0.8619376127951653,2.2814641057760094,2.755343774676729,1.0135234519120346,5
5,AXP-GS,2021-04-23,2021-04-26,3,signal,1.087656735892966,0.9648165963944363,0.1273196791572502,0.032945201215539434,5987.442108154297,True,181739.4305465698,1.0999760666769758,0.8728181032502155,2.2291351225427825,2.2291351225427825,0.2557659765368116,5
4,GS-JPM,2021-04-14,2021-04-29,15,max_exit_on_loss,0.7760283223029496,0.9318154547956973,0.16718668024979727,-0.014407285956749482,-2625.9273529052734,False,182263.84627807618,1.3123613185067036,0.8611534681119059,-2.493041548407622,-4.254338739331584,-2.493041548407622,5
6,MA-V,2021-04-29,2021-05-14,15,max_exit_on_loss,0.6793800516979109,0.8525499989020133,0.20311998994443192,-0.0031679003722138084,-579.3105163574219,False,182868.918934021,1.7105551013572802,0.8039584787702116,2.575623591233553,2.973775340666305,1.3406193190276312,5
7,GS-JPM,2021-05-13,2021-05-26,13,signal,0.7764190684988719,0.9318154547956973,0.16676734164158763,0.01652651407212863,3024.129898071289,True,182986.55632232665,1.2535519996450584,0.8559923477236775,2.3195352836303167,2.3195352836303167,0.6509341926191493,5
8,CAT-GE,2021-05-27,2021-05-28,1,timeout,0.7662657711232422,0.8464501219570852,0.09473015450508533,0.019569156316211346,3587.2022094726562,True,183308.98642272947,1.6828317012224705,0.7982739184927339,2.489986114196534,2.489986114196534,1.8277408994214108,5
2,COP-SLB,2021-06-02,2021-06-10,8,signal,0.8781029960866877,1.7750859114139375,0.5053180297131431,0.03221992657979329,5799.586784362793,True,180000.0,0.5173373942231303,0.9542953472691098,2.4804347706554237,3.52374131947251,0.9782106058132511,6
3,COP-EOG,2021-06-08,2021-06-14,6,stop_loss,1.2208501311906783,1.289117384382704,0.0529565841086811,-0.02571534456215658,-4640.645164489746,False,180462.10321128846,0.5019692580339131,0.9527951459305346,-2.3372567035271548,-5.841995307316786,-2.3372567035271548,6
1,EOG-SLB,2021-06-02,2021-06-15,13,signal,0.6860727160699106,1.3268147587529495,0.4829174822303465,0.03846516871982151,6923.730369567871,True,180000.0,1.0064208560276022,0.9073478767174614,2.6140226551859094,3.33796920301672,0.9649389135471124,6
4,MSFT-TXN,2021-06-18,2021-07-06,18,max_exit_on_loss,0.8331460584192687,0.5390869276604859,0.5454762778888596,-0.014039793119955197,-2547.5889892578125,False,181454.88095809935,1.2577609811986603,0.858412273203908,-2.355801118478316,-3.33756111873065,-1.1695025257533196,6
5,EOG-SLB,2021-07-06,2021-07-07,1,signal,1.073419985204442,1.3268147587529495,0.1909797670525379,0.01799245288498691,3256.567668914795,True,180996.31494003296,1.2051902526213556,0.8599138095837633,-2.2747650653833764,-2.2747650653833764,-0.9275093543949111,6
6,MSFT-TXN,2021-07-21,2021-07-22,1,signal,0.33128822335160635,0.5390869276604859,0.3854641870294991,0.058714760924466605,10661.57290649414,True,181582.49712043762,1.586126003711591,0.8105914624019441,2.4400186451470955,2.4400186451470955,-1.6607440639688706,6
7,COP-SLB,2021-08-05,2021-08-09,4,signal,1.2923530088194284,1.7750859114139375,0.27194903609481647,0.014055253709003226,2579.1612663269043,True,183501.58024360656,0.3364373934807956,0.9684102685731906,-2.2689355713433517,-2.2689355713433517,-0.9366765895689847,6
8,COP-EOG,2021-08-05,2021-08-10,5,stop_loss,0.9823488544785842,1.289117384382704,0.2379678791245348,-0.03770984865117204,-6919.816818237305,False,183501.58024360656,0.40561585272577644,0.9615166178613983,-2.276614421898414,-6.418321404444327,-2.276614421898414,6
9,EOG-SLB,2021-08-10,2021-08-25,15,max_exit_on_loss,1.273644622760851,1.3268147587529495,0.04007351865913227,-0.0010555281621753084,-192.86638259887695,False,182720.26224426267,1.5230977186730932,0.7966737520979075,2.2428981352553943,3.805112557111625,1.4754283025250234,6
2,AAPL-CSCO,2021-09-21,2021-09-23,2,signal,0.4543063078233615,1.2149978382396616,0.6260846780751651,0.015108413934683334,2719.5054321289062,True,179999.39926757812,0.49120538392824453,0.9512255801785656,-2.2204890526983534,-2.4924686822455713,-0.8260242057069551,7
1,DHR-TMO,2021-09-17,2021-10-04,17,max_exit_on_loss,0.7322360774040935,0.4677323104769444,0.5655024487349095,-0.011452709791395399,-2061.487762451172,False,180000.0,1.0584478361945127,0.9090991820718057,2.7923668466836435,3.9077771076449412,2.26669130336223,7
3,DIS-NFLX,2021-10-20,2021-10-21,1,guard_trip,0.1637301868170482,0.4947590862169946,0.6690708844400315,0.04406391965879703,7936.724609375,True,180118.44318054197,0.04462101402956952,0.9959521695154587,-2.2226086781329046,-2.2226086781329046,1.4110496050510666,7
4,AAPL-CSCO,2021-11-02,2021-11-05,3,signal,0.8401609937141663,1.2149978382396616,0.30850823987355747,0.017831901690561557,3237.3292121887207,True,181547.0536102295,0.9784544275908028,0.8907388054240317,2.2274429951710824,2.2274429951710824,0.6849537048382466,7
5,ADBE-CSCO,2021-11-18,2021-11-30,12,timeout,0.45250757768091443,1.0639212949865682,0.5746794618988924,0.023300239332253746,4243.667297363281,True,182129.77286842346,1.510407952297645,0.8401358497002309,-2.597658526475446,-3.3797879850797403,-1.0595958885163153,7
6,AAPL-CSCO,2021-11-18,2021-11-30,12,timeout,0.8177060447810338,1.2149978382396616,0.3269897122074228,-0.01589031715098233,-2894.099853515625,False,182129.77286842346,1.5532518065851777,0.8380424217890585,-2.6477153909228157,-3.24281502400924,-1.884773460921149,7
1,LOW-TSLA,2021-12-22,2022-01-03,12,stop_loss,1.7537400033836095,2.0517662712425464,0.14525351743814985,-0.1483725065443251,-26707.051177978516,False,180000.0,0.7054760802497025,0.9297627167950078,2.311530583811136,5.6447681959176,1.9553098438014194,8
2,COP-SLB,2022-01-03,2022-01-06,3,stop_loss,0.5377761657139839,1.6152992712744352,0.6670733558310279,-0.03905657838897933,-6842.428623199463,False,175192.73078796387,0.8727097290561372,0.9215424039269516,2.602190116344393,4.520770868999845,2.602190116344393,8
3,MA-PYPL,2022-01-06,2022-01-10,4,signal,0.6835604887911746,1.464181600213983,0.5331450083164031,0.03721138477360233,6473.333190917969,True,173961.09363578795,0.05441823117203175,0.9953301804994313,2.3525044921356164,2.3525044921356164,0.5881132106520142,8
4,UNP-UPS,2022-02-01,2022-02-16,15,signal,0.7529864719395565,1.090172840431308,0.3092962473348259,0.08825195305292843,15455.237442016602,True,175126.2936101532,1.463013343499483,0.8518375166137134,2.6528955393577633,2.6528955393577633,0.6453507609170654,8
6,LOW-TSLA,2022-02-23,2022-02-24,1,signal,1.1696637714718765,2.0517662712425464,0.42992348209158837,0.05715859350648179,10154.284042358398,True,177651.04806518555,1.110871888060486,0.8783475023497623,-2.3278739485788935,-2.3278739485788935,-0.8111424509127012,8
5,COP-SLB,2022-02-15,2022-02-25,10,signal,1.0386937446401734,1.6152992712744352,0.35696513759913534,0.03437798293378836,6092.140510559082,True,177210.52809562683,0.9342534039460324,0.9018167303854321,2.315224191378707,4.0136003250472685,0.548239918343146,8
1,MDLZ-PEP,2022-03-04,2022-03-08,4,signal,0.5800742754900055,1.322853446142921,0.5614977024239961,0.020004692437913682,3600.844638824463,True,180000.0,0.9282290548559831,0.9001345604315492,2.269128973161898,2.269128973161898,0.17700201638675064,9
2,MDLZ-PEP,2022-04-06,2022-04-18,12,signal,0.5669448284178245,1.322853446142921,0.5714227981407309,0.014652649361330544,2646.9740295410156,True,180648.1520349884,0.9272143453827156,0.9146817363424572,2.577390012201137,3.1546478687968533,0.3453463564288498,9
3,MO-PG,2022-04-20,2022-04-27,7,signal,-0.11021043580746337,-0.28133177838924617,0.6082545795627184,0.02163240565336508,3918.1609802246094,True,181124.6073603058,1.1376292915564483,0.8771655920014105,2.366548586172967,2.47144322054756,0.8415621277390972,9
4,EOG-XOM,2022-05-06,2022-05-12,6,signal,1.0273159460047678,0.9773692569036809,0.051103192317833585,0.04178966919609826,7598.610382080078,True,181829.8763367462,1.8279580676283997,0.7827280583083325,-2.5884492064040874,-2.5884492064040874,-0.6702872088761094,9
5,CRM-TXN,2022-05-17,2022-05-18,1,signal,0.1981778465617941,0.6036407315111354,0.6716957020682123,0.018998012251347784,3480.3907470703125,True,183197.62620552062,1.3273077428133513,0.8344679674284177,2.229349037990903,2.229349037990903,0.9598088981743984,9
2,PEP-PG,2022-06-13,2022-06-15,2,stop_loss,0.8621378197681375,1.5019300155855824,0.42598003181126814,-0.030298484857882734,-5449.4310302734375,False,179858.20267364502,0.3068749093566792,0.9705550398915401,-2.2108140351821857,-6.4391064601775625,-2.2108140351821857,10
1,AVGO-CRM,2022-06-02,2022-06-17,15,max_exit_on_loss,1.201305441883135,1.6106418836032281,0.2541449132096025,-0.02915476616753472,-5247.85791015625,False,180000.0,0.6073947980105857,0.9380803452176985,2.2203407232448384,2.8650572124935656,2.0102475951587278,10
3,PEP-PG,2022-07-29,2022-08-05,7,signal,1.3609289696951734,1.5019300155855824,0.09387990414149526,0.04501226156172241,8015.535430908203,True,178074.48799072264,0.5935802240371221,0.9526797116262484,-2.7577071326870457,-2.7577071326870457,-0.6694350238090552,10
4,PEP-WMT,2022-08-29,2022-08-31,2,timeout,1.2386298171515073,3.2611943192908353,0.6201913483582744,-0.013264060881190386,-2381.128189086914,False,179517.2843682861,0.6459584673686617,0.9348523065515779,2.258814285668686,3.405985722631097,2.258814285668686,10
1,HON-UNP,2022-09-06,2022-09-14,8,signal,0.7781251070895036,0.8445132819452408,0.07861116725461034,0.020386439005533854,3669.5590209960938,True,180000.0,1.2590483647868531,0.8448419345334466,2.210427361940622,2.3144078521519886,0.12148458193732457,11
2,RTX-UNP,2022-10-20,2022-10-25,5,signal,0.7271833442792208,0.675409385264059,0.07665567009395372,0.03440081622729924,6214.869369506836,True,180660.5206237793,0.43010280323513,0.9612916480738674,-2.4011021921433486,-2.4011021921433486,-0.9593278029696717,11
4,HON-UNP,2022-10-20,2022-10-27,7,stop_loss,1.0274472378177242,0.8445132819452408,0.2166146581509242,-0.05746812749364367,-10382.22183227539,False,180660.5206237793,0.909920361304081,0.918897335623505,-2.6385307795622013,-5.265981907577316,-2.6385307795622013,11
3,UNP-UPS,2022-10-20,2022-10-28,8,signal,1.2094039174708608,0.938481179137175,0.28868212208876476,0.04061652820310584,7337.803131103516,True,180660.5206237793,1.9020621495940302,0.7650120832910831,2.5774046510614665,2.675359444395334,0.47553119827354084,11
6,RTX-UPS,2022-11-10,2022-11-11,1,stop_loss,0.8147933019870714,0.9089468142781847,0.10358528223225325,-0.06889872495568646,-12443.6509475708,False,180607.8553060913,-0.04120705492746029,1.0034520636102697,2.370960747512817,7.369808598850579,2.370960747512817,11
5,UNP-UPS,2022-11-08,2022-11-15,7,signal,1.126794464721394,0.938481179137175,0.20065749827540647,0.048442768864042016,8779.341217041016,True,181231.2017440796,1.57170744305605,0.7811447959813628,-2.216302049258839,-3.9639103344764957,0.9201046747902111,11
7,HON-UNP,2022-11-30,2022-11-30,1,timeout,0.27481902535484404,0.8445132819452408,0.6745829447207397,0.0,0.0,False,180571.62599258422,0.2737121825317693,0.9744597915384323,2.2556991719098396,2.2556991719098396,2.2556991719098396,11
8,RTX-UPS,2022-11-30,2022-11-30,1,timeout,0.6649003815661607,0.9089468142781847,0.2684936333770274,0.0,0.0,False,180571.62599258422,0.2227486097633886,0.9789398574874482,2.2063526578478494,2.2063526578478494,2.2063526578478494,11
1,INTC-NVDA,2022-12-08,2022-12-27,19,signal,1.304707484979366,1.883834607551555,0.3074193032927069,0.06284221442540487,11311.598596572876,True,180000.0,0.4129905006123813,0.9618687835634203,2.337768713426485,4.164600274022871,-0.5410857106576196,12
2,ADBE-CSCO,2022-12-16,2023-01-05,20,max_exit_on_loss,0.29307836398424447,0.8036710843669841,0.6353254836646397,-0.00292123561971415,-522.5194702148438,False,178869.33415729523,0.3221133403003186,0.969307006212636,-2.2317975086823645,-2.8762661001982726,-1.9356767459770299,12
3,PYPL-V,2023-01-04,2023-01-10,6,stop_loss,-0.22329970011195488,-0.2554223695536475,0.1257629451086341,-0.040527096684375846,-7377.442329406738,False,182037.27710529327,0.9651751908772248,0.9047813731864609,2.451816698457264,4.856211649867087,1.7747385880219644,12
5,CL-WMT,2023-01-11,2023-01-17,6,signal,0.7834877927663593,1.4116268127933194,0.4449752684875701,0.02293504292434443,4139.663543701172,True,180495.12954288482,0.7616068190849155,0.9253682383243018,2.369182885124492,2.369182885124492,-0.03183141317660244,12
4,ADBE-CSCO,2023-01-06,2023-01-17,11,signal,0.4840497121310692,0.8036710843669841,0.3977017195880158,0.021840425936784487,3958.8836669921875,True,181264.03205005644,0.50783386499317,0.9584911328306078,2.6586079918791894,3.189546687140233,-0.472128580134231,12
6,INTC-NVDA,2023-01-17,2023-01-24,7,stop_loss,1.3549983211651844,1.883834607551555,0.2807233099267171,-0.07364541149372197,-13408.755071640015,False,182071.83312137602,0.4767211648573266,0.9580130540940224,2.469667897409737,4.655542735259321,2.469667897409737,12
8,COP-SLB,2023-01-20,2023-02-01,12,signal,1.4750111171304996,1.9663883568779963,0.24988819631115422,0.020858912609291312,3759.0353660583496,True,180212.43180164337,0.2624060487555735,0.9751671630539545,-2.220980669957757,-4.356174205403526,-0.8000099872069375,12
7,ADBE-CSCO,2023-01-18,2023-02-02,15,max_exit_on_loss,0.6617822162297882,0.8036710843669841,0.17655091852527638,-0.04688156690726882,-8508.4599609375,False,181488.38706195832,0.9446739655967166,0.8955668618919993,-2.228475846830294,-4.418781069493722,-2.228475846830294,12
9,CL-WMT,2023-01-27,2023-02-03,7,signal,0.8955869400994091,1.4116268127933194,0.36556394935058895,0.04486308172088361,7985.476531982422,True,177996.6115940094,1.0518265600582004,0.9055233435228226,2.6889456878314704,2.6889456878314704,0.38578272244989825,12
10,INTC-NVDA,2023-01-27,2023-02-03,7,signal,1.8892731989313432,1.883834607551555,0.0028869792273625828,0.1088118873058607,19368.147241592407,True,177996.6115940094,0.6989349937848456,0.9371891575984039,2.523200401092922,2.523200401092922,0.7864450656324155,12
11,PYPL-V,2023-01-27,2023-02-09,13,signal,-0.4098777728420361,-0.2554223695536475,0.6047058586070615,0.024136946595653894,4296.294708251953,True,177996.6115940094,0.667145399275365,0.930523232939454,2.206515969695385,3.0964023184328036,0.9029075930936616,12
12,ADBE-CSCO,2023-02-16,2023-02-28,12,timeout,0.60128969431816,0.8036710843669841,0.25182116662593484,-0.017288299135237706,-3189.6971740722656,False,184500.3461081314,0.7627179502113832,0.9311526021289275,2.542478764697445,3.3837369012087524,2.378100998254106,12
13,INTC-NVDA,2023-02-23,2023-02-28,5,timeout,1.7727369572693545,1.883834607551555,0.05897420603531412,-0.02813548515683405,-5195.780868530273,False,184670.029308815,-0.05082143602594969,1.0045601502419523,2.2087008288431664,2.751067548799242,2.2087008288431664,12
1,PSX-SLB,2023-03-09,2023-03-13,4,stop_loss,0.3395335457686832,0.6231433521088265,0.45512770918659073,-0.04532622820536296,-8158.721076965332,False,180000.0,0.8751088976708669,0.9042328530782523,-2.212704475647154,-5.163222301271589,-2.212704475647154,13
2,AVGO-MSFT,2023-03-15,2023-03-17,2,stop_loss,0.4053150302449118,1.7870446527718729,0.773192555868019,-0.04951356837230233,-8839.728176116943,False,178531.43020614624,0.8600229696385482,0.9063122960455143,2.2136443710388023,5.195903278696872,2.2136443710388023,13
3,AAPL-MSFT,2023-03-16,2023-03-31,15,max_exit_on_loss,0.6219194637289917,0.7802841152883453,0.20295767715434238,-0.0077395164192512605,-1373.3487548828125,False,177446.326164093,1.4411718093638637,0.8201147643879444,2.291208787671432,3.055585328330919,1.154914226304927,13
4,CRM-MSFT,2023-03-16,2023-03-31,15,max_exit_on_loss,0.2546088099700359,0.6680536691802703,0.6188797072509885,-0.026864316102996964,-4766.974197387695,False,177446.326164093,1.3538244981389895,0.8406836680262464,2.3338446131145254,3.4646661710536675,1.770357679298267,13
5,AVGO-MSFT,2023-04-06,2023-04-11,5,signal,0.707612098335617,1.7870446527718729,0.6040322231243384,0.028830758549385636,5069.457035064697,True,175835.0210030365,0.5919738827624318,0.9399443554755711,2.222848663766497,2.222848663766497,-0.4051994850543434,13
6,COP-CVX,2023-05-02,2023-05-10,8,stop_loss,0.5514496519055225,0.6218273109848109,0.11317878426379936,-0.02865274507738,-5064.301727294922,False,176747.52326934814,1.1375842327780548,0.8820374445798923,-2.4404844505857635,-4.735584040726723,-2.4404844505857635,13
7,CRM-MSFT,2023-05-09,2023-05-22,13,signal,0.6523431788806744,0.6680536691802703,0.023516808640349735,0.01904507689283691,3352.9034423828125,True,176050.92703216552,1.0276904752476619,0.8910797171552369,-2.345261709911007,-2.4670312725672265,-0.6513328914681508,13
8,COP-CVX,2023-05-22,2023-05-23,1,signal,0.5823095238206787,0.6218273109848109,0.06355106388226411,0.025219423260363163,4449.701713562012,True,176439.47157806397,0.9234793776392367,0.9063255145981144,-2.3772499921351633,-2.3772499921351633,-0.40917621028625617,13
9,AAPL-MSFT,2023-05-25,2023-05-30,5,signal,1.252456822213078,0.7802841152883453,0.6051292057255921,0.014940616951785148,2648.0811920166016,True,177240.4178865051,2.086747622770079,0.667994647399714,2.406871286366005,2.791686488373091,0.8409886794203696,13
10,AVGO-MSFT,2023-05-26,2023-05-31,5,timeout,1.5297927075578006,1.7870446527718729,0.1439538429076467,-0.004534189736584042,-803.1030120849609,False,177121.61571121216,0.8461351748985751,0.9151277148185164,-2.3622724595504674,-2.4178606954031387,-2.2087557411740444,13
1,LMT-UPS,2023-06-13,2023-06-21,8,signal,1.2543490913987914,1.3163272508158284,0.0470841573617992,0.03356288070678711,6041.31852722168,True,180000.0,1.9909183447284324,0.6966240947305573,2.381641175334567,4.121310709946159,0.06565041249052098,14
3,CL-PEP,2023-07-13,2023-07-18,5,signal,0.8351295509211014,0.7200795066519765,0.15977408495355228,0.01619377950435762,2920.0971298217773,True,180322.14956588743,2.154272615573198,0.5823484725543575,2.3089127526267124,2.3089127526267124,-0.0017062106209301438,14
2,EOG-SLB,2023-07-07,2023-07-27,20,signal,0.963403102461184,1.661340687278426,0.42010503333942234,0.04254970733492921,7705.217460632324,True,181087.4373348999,0.8149076485880957,0.9240636395464027,2.4979274945827488,4.345557296662835,0.6837695046608386,14
4,CL-PEP,2023-07-28,2023-07-31,3,signal,0.7560852718093549,0.7200795066519765,0.05000248559327554,0.021358920525973494,3908.682327270508,True,182999.99396118164,1.9703903703354058,0.6907310188546478,2.338002435226175,2.338002435226175,-0.6662271637180907,14
1,CVX-PSX,2023-09-01,2023-09-11,10,signal,2.2397812931673378,2.5910993972104257,0.13558650217020488,0.05148288858201769,9266.919944763184,True,180000.0,0.914064796368985,0.8988996690761342,-2.212638235882562,-3.8539957565185383,0.08742518470488442,15
2,CVX-MPC,2023-09-01,2023-09-11,10,signal,3.1022119459230195,3.528159413750156,0.12072795411882702,0.06571777750651042,11829.199951171875,True,180000.0,0.9624459724097199,0.894860603238981,-2.2583174601342377,-3.0991793262200393,-0.6341457531589237,15
3,CVX-EOG,2023-10-11,2023-10-24,13,stop_loss,1.4179641311739628,1.9806430273387838,0.28408899958153655,-0.0656107157505441,-12059.072509765625,False,183797.30158126832,0.4206794295306117,0.9617994303995354,2.3772988030802784,4.559527065216836,2.3772988030802784,15
