trade_id,pair,sector,entry_date,exit_date,holding_days,exit_reason,hr_entry,anchor_hr,entry_drift,trade_return,trade_pnl,is_win,entry_score,entry_phi,entry_z,mae,mfe,fold_id
2,KO-MO,Staples,2018-01-04,2018-01-09,5,guard_trip,1.7833209021173673,1.0485407951097603,0.7007644437245676,-0.014788769976298015,-2661.9785957336426,False,0.2577182840455758,0.9799908635899994,-2.6811766168264692,-3.7046037793288495,-2.358799989180287,0
3,DHR-UNH,Healthcare,2018-01-09,2018-01-17,8,signal,1.1602703765192646,1.4734432235768864,0.21254490301796147,0.04375506969028049,7875.912544250488,True,1.5201517943825298,0.8394205361202192,-2.6064426464046817,-2.7830716062709704,-0.18236050777021862,0
1,ADBE-NVDA,Tech,2018-01-03,2018-01-19,16,max_exit_on_loss,0.8192081837902814,1.6915686757454176,0.5157109518895036,-0.016590413506825764,-2986.2744312286377,False,1.088973254451769,0.898838779356657,2.6347642097349926,4.104725337185672,1.7980152761374601,0
4,MDLZ-PEP,Staples,2018-01-29,2018-01-31,2,signal,1.0642526304412923,1.548314303818458,0.31263786182390174,0.008627211697896322,1552.898105621338,True,1.7761980114761886,0.7411733617153587,-2.2879287518478253,-2.2879287518478253,-0.9820233226731798,0
6,ADBE-NVDA,Tech,2018-02-05,2018-02-07,2,signal,0.85837210200578,1.6915686757454176,0.4925585261103726,0.061537282196680705,11076.710795402527,True,1.126280362029255,0.8880418862225543,-2.5156476209660275,-2.5156476209660275,-0.7502408101259495,0
5,MDLZ-PEP,Staples,2018-02-01,2018-02-15,14,stop_loss,1.1013735648606238,1.548314303818458,0.2886627978929003,-0.03470806376139323,-6247.451477050781,False,2.207748936482516,0.6613475438313898,-2.5275235102942823,-5.100262471227625,-1.5111020170057006,0
8,DHR-UNH,Healthcare,2018-03-07,2018-03-09,2,stop_loss,1.1708489743280504,1.4734432235768864,0.20536539474813786,-0.03901284472147624,-7022.312049865723,False,1.2171999128299726,0.8737318453205722,-2.4800468173316634,-5.348492088868811,-2.4800468173316634,0
7,MDLZ-PEP,Staples,2018-03-07,2018-03-13,6,stop_loss,0.4715370713944449,1.548314303818458,0.6954513239130203,-0.029496460427178278,-5309.36287689209,False,0.08691600085846761,0.9927796623784045,2.442551202494067,5.797761497712174,2.442551202494067,0
9,KO-MO,Staples,2018-03-21,2018-03-28,7,signal,1.2058069244909708,1.0485407951097603,0.1499857040514557,0.0317377921210395,5712.802581787109,True,0.7626795591958219,0.9310167287984757,-2.538031113728817,-2.538031113728817,-0.49483607664296114,0
1,CVX-MPC,Energy,2018-04-16,2018-04-25,9,stop_loss,0.21257888416986948,0.755269723686272,0.7185391158905085,-0.0314001597934299,-5652.028762817383,False,0.42403417730433385,0.9624725064185156,2.4359560159822373,4.540321508549863,2.4359560159822373,1
2,HD-LOW,Discretionary,2018-04-18,2018-04-26,8,stop_loss,1.3874298501921407,1.92492092733408,0.279227613721431,-0.07660191557142469,-13788.344802856445,False,0.9671127788539644,0.8958489097133195,-2.2863045097551993,-5.678836152889222,-2.123719851686116,1
3,CVX-MPC,Energy,2018-04-30,2018-05-17,17,signal,0.38782537554804164,0.755269723686272,0.48650745106639726,0.06550503811306424,11790.906860351562,True,0.022671371747857758,0.9983180058096193,-2.704856710717657,-3.618733338262666,-0.49677285944787286,1
4,MRK-PFE,Healthcare,2018-05-01,2018-05-21,20,signal,0.3244885988955268,0.36166749236759976,0.10279854910013383,0.01743861933814155,3138.9514808654785,True,1.9686469270925828,0.7614450119954737,-2.6459318010588913,-4.222401117770823,-0.8739722506659177,1
6,CVX-MPC,Energy,2018-06-01,2018-06-06,5,signal,1.001660487344545,0.755269723686272,0.32622883710431916,0.03460846506754557,6229.523712158203,True,0.717554747560887,0.9294199280723447,2.3412886728596596,3.2429441926889524,-0.11083589137081347,1
5,HD-LOW,Discretionary,2018-05-23,2018-06-18,26,signal,1.3382249275394937,1.92492092733408,0.3047896625068808,0.0670560191684299,12070.083450317383,True,0.39549012755845686,0.9693625094413735,2.7448562092808424,3.407762213886832,0.9366582929534946,1
9,CVX-MPC,Energy,2018-06-25,2018-06-27,2,stop_loss,1.0524379564219606,0.755269723686272,0.39345974479857204,-0.040272871907552084,-7249.116943359375,False,0.9421761661214585,0.9003776255426229,-2.307727235035222,-5.930370119105462,-2.307727235035222,1
7,LLY-TMO,Healthcare,2018-06-19,2018-06-27,8,guard_trip,0.34630925415523883,0.9260451671225134,0.62603416501668,-0.022928924645317924,-4127.206436157227,False,1.9238457278036083,0.7176583825938778,-2.376191129956138,-4.44278616772894,-2.376191129956138,1
8,HD-SBUX,Discretionary,2018-06-20,2018-06-28,8,stop_loss,-0.16959890390585208,-0.4708761195611437,0.6398226691472098,-0.07473251849280463,-13451.853328704834,False,2.420358783621661,0.6768552670832477,-2.8211360671713113,-5.358414791355106,-2.8211360671713113,1
1,AAPL-INTC,Tech,2018-07-27,2018-08-08,12,guard_trip,0.4115141355263383,0.8494819139137855,0.5155704567853776,0.01913620785607232,3444.5174140930176,True,1.3343710835392661,0.8795666291531079,-2.817707270199173,-2.817707270199173,-2.08371786586721,2
2,AAPL-MSFT,Tech,2018-08-01,2018-08-16,15,max_exit_on_loss,0.814475035758228,0.6898678414890194,0.18062473241288493,-0.034092281659444175,-6136.610698699951,False,0.919836224150666,0.9029713910881892,-2.3013293639027115,-3.8148649219684105,-1.9849825259414657,2
3,AMGN-GILD,Healthcare,2018-08-15,2018-08-17,2,stop_loss,0.7721260204901963,0.7476160430464434,0.03278417801720492,-0.03947565483517117,-7105.617870330811,False,0.6583926398036507,0.9392050106644201,-2.4457908738964425,-5.223696835813556,-2.440086256048036,2
5,GILD-UNH,Healthcare,2018-09-06,2018-09-10,4,signal,0.5033589315131739,0.6883537042569681,0.2687495855687792,0.033971377309163414,6114.847915649414,True,0.9127515880241793,0.9015244128529045,2.2565369646035713,2.2565369646035713,-2.5422202543749175,2
4,AAPL-MSFT,Tech,2018-09-05,2018-09-10,5,signal,0.6287081157390495,0.6898678414890194,0.08865426400796121,0.03154447771708171,5678.005989074707,True,0.8466444147330133,0.9089153216017947,-2.2299006461499906,-2.2299006461499906,0.3519314090427678,2
6,AMGN-GILD,Healthcare,2018-09-10,2018-09-12,2,signal,1.0176501363411101,0.7476160430464434,0.3611935508958731,0.03526892649332682,6348.406768798828,True,0.6210860830040581,0.9418641839335516,-2.399963926780294,-2.399963926780294,-0.4987632570258208,2
7,GILD-UNH,Healthcare,2018-09-25,2018-09-28,3,timeout,0.402009407751982,0.6883537042569681,0.4159842457942107,-0.002311395009358724,-416.0511016845703,False,0.5838159699086878,0.9408887747997179,-2.2230457701811415,-3.275395897449196,-2.2230457701811415,2
1,LMT-UNP,Industrials,2018-10-10,2018-10-11,1,signal,1.0102999676572306,1.1242453666938927,0.10135278508796108,0.016111496141221787,2900.069305419922,True,1.1019562642185878,0.8811695578051351,-2.350830716089076,-2.350830716089076,-0.8189551629981023,3
2,CAT-LMT,Industrials,2018-10-23,2018-10-29,6,signal,0.752155145607818,0.6081722153988933,0.23674697160324554,0.07653338385687934,13776.009094238281,True,0.6449868709158926,0.9338301326112185,2.225109662010595,2.5774182227266236,-0.42896130385236564,3
4,AMZN-TJX,Discretionary,2018-10-29,2018-11-02,4,signal,0.7408692065765783,1.4484962434057995,0.4885252827203763,0.051732185406155054,9311.79337310791,True,0.18423037322340471,0.9834235194527794,2.2977161743280696,2.8933262018521932,0.8707445644060131,3
5,CAT-LMT,Industrials,2018-11-09,2018-11-12,3,signal,0.5114711391937633,0.6081722153988933,0.15900278532406298,0.01840668716430664,3313.2036895751953,True,1.3591977614798496,0.8598282667374006,2.5643184860625463,2.5643184860625463,0.9302568381267059,3
3,LMT-UNP,Industrials,2018-10-29,2018-11-15,17,max_exit_on_loss,0.9851541700260462,1.1242453666938927,0.12371960853783799,-0.00688406130472819,-1239.1310348510742,False,1.1555882480117134,0.8741527209667714,2.3604168838827717,2.9958762669522,1.5126732864085497,3
6,TJX-TSLA,Discretionary,2018-11-12,2018-11-16,4,signal,-0.6331957358697669,-1.3983048698784786,0.5471690405220462,0.03712398210101658,6682.316778182983,True,1.0731732693013336,0.8787933991844675,-2.255152505733047,-2.255152505733047,-0.864555570265658,3
7,CAT-LMT,Industrials,2018-12-03,2018-12-07,4,signal,0.5575075455461114,0.6081722153988933,0.08330645262962492,0.0241566338857015,4348.1940994262695,True,1.174877739352017,0.8744580149984766,-2.404198033097378,-2.404198033097378,-0.7175708875477231,3
8,AMZN-TJX,Discretionary,2018-12-21,2018-12-31,10,stop_loss,0.5246067614463705,1.4484962434057995,0.6378266330792266,-0.02038039033677843,-3668.470260620117,False,0.3526943237673138,0.9674106835295286,2.310227910334394,4.8556881982251925,2.310227910334394,3
1,KO-MDLZ,Staples,2019-01-07,2019-01-14,7,stop_loss,0.4373221699539641,1.71131842449463,0.744453069811885,-0.031211214404635958,-5618.018592834473,False,0.3909014294458402,0.9626014885081046,2.2527818030069646,4.581268129031217,2.2527818030069646,4
2,PSX-SLB,Energy,2019-01-18,2019-01-24,6,stop_loss,1.682686607804342,1.8576449483887782,0.0941828742549461,-0.04367355567084418,-7861.240020751953,False,1.5311044153614914,0.8008694548736343,2.283405512554569,5.438067118752941,2.283405512554569,4
3,KO-PEP,Staples,2019-01-31,2019-02-01,1,signal,0.9109039093172597,1.4000100995794131,0.3493590442019591,0.014839600287543402,2671.1280517578125,True,1.3470231592058457,0.8584884095994507,2.5239675719511863,2.5239675719511863,0.35335040557092945,4
4,KO-MDLZ,Staples,2019-01-31,2019-02-14,14,stop_loss,0.6540247618144261,1.71131842449463,0.6178240399605547,-0.05663913622962104,-10195.044521331787,False,0.6604777822926816,0.9458356290864454,2.7176738126821767,5.6176483143068845,1.5835201949734754,4
5,KO-PEP,Staples,2019-02-14,2019-02-19,5,stop_loss,0.9493831145422164,1.4000100995794131,0.32187409588871735,-0.04451462122599284,-8012.631820678711,False,1.337058039122254,0.8798496656644332,2.8284432792510326,4.765077010674425,2.8284432792510326,4
6,PSX-SLB,Energy,2019-03-20,2019-03-26,6,signal,1.311805254248076,1.8576449483887782,0.2938342413678859,0.025104949951171875,4518.8909912109375,True,1.0148436903143216,0.901595629795511,2.5103927293399466,2.5103927293399466,0.9553582720517731,4
1,GS-JPM,Financials,2019-04-12,2019-04-17,5,stop_loss,0.43758488282471797,1.1446041849137156,0.6176976385441884,-0.02765253596835666,-4977.456474304199,False,1.8945621169749716,0.7897238026752647,2.7345192577928574,4.574429141988296,2.7345192577928574,5
2,MA-PYPL,Financials,2019-04-18,2019-04-24,6,stop_loss,0.8923806557398914,1.415699076173313,0.3696537133074711,-0.017489324951171874,-3148.0784912109375,False,1.0385698051134973,0.8850560386476369,-2.272917561962779,-4.67169042241155,-2.272917561962779,5
3,NFLX-T,CommServices,2019-04-24,2019-05-09,15,max_exit_on_loss,0.2842275468025773,0.5495225191229283,0.48277361361601356,-0.0045653003162807885,-821.754056930542,False,1.073411233374569,0.8933295348471565,-2.490106064281119,-3.0532833559110775,-2.0645539075838086,5
4,CSCO-ORCL,Tech,2019-04-26,2019-05-13,17,max_exit_on_loss,0.6094036300418662,0.3535283679694565,0.7237757567859908,-0.014084349653455947,-2535.1829376220703,False,1.0838060911454996,0.8806524700386598,2.304456508054775,4.28134264339227,1.211614822133335,5
5,GS-JPM,Financials,2019-05-06,2019-05-13,7,stop_loss,0.6399209697188603,1.1446041849137156,0.44092378994132386,-0.01335125092400445,-2403.225166320801,False,0.16746731391991765,0.9845699757567314,-2.2386966728557787,-4.9039607240215854,-2.2386966728557787,5
6,NFLX-TMUS,CommServices,2019-05-10,2019-05-20,10,stop_loss,0.41157390879160305,0.7579308488613883,0.4569769664212831,-0.054677303568522136,-9841.914642333984,False,1.2844676865519744,0.8446231085410054,2.252850877275595,6.787807016046794,1.7603212662221068,5
7,NFLX-T,CommServices,2019-05-14,2019-05-20,6,stop_loss,0.26924989147168565,0.5495225191229283,0.5100293762275201,-0.03299243418375651,-5938.638153076172,False,0.9842771232788168,0.8971975954376781,2.3510952435099557,4.6741753491726294,2.2040961294617993,5
8,GS-JPM,Financials,2019-05-22,2019-05-28,6,stop_loss,1.1435408206911064,1.1446041849137156,0.0009290235319988631,-0.014362880367702908,-2585.3184661865234,False,0.9595831516171711,0.8965815947955986,2.2812498686621976,5.620375484481307,2.2812498686621976,5
9,NFLX-T,CommServices,2019-05-31,2019-06-05,5,signal,0.26919375104816146,0.5495225191229283,0.5101315384166399,0.02536980628967285,4566.565132141113,True,0.6534447208301412,0.9421422516010474,-2.5357294397678793,-2.5357294397678793,-0.8804562648983412,5
10,CSCO-ORCL,Tech,2019-06-20,2019-06-28,8,timeout,0.36794152247610223,0.3535283679694565,0.04076944260351675,-0.016346412404378254,-2942.354232788086,False,1.3830572283290523,0.8629273196859418,2.6520144374940284,3.5345170320524657,1.9895911584418855,5
1,COP-EOG,Energy,2019-07-02,2019-07-08,6,signal,0.6929971454073389,1.648050028829413,0.5795047885169086,0.03200088880327013,5760.159984588623,True,0.5683623492349809,0.9423513629350788,-2.212638828624417,-2.7810795393915915,-0.15353185931671945,6
2,GILD-JNJ,Healthcare,2019-07-12,2019-07-22,10,stop_loss,0.37050159604039123,0.7008120119747936,0.47132527737878266,-0.034798138936360676,-6263.665008544922,False,1.3886902364897953,0.8531560102316897,-2.5341247436302448,-5.147836328202131,-2.5341247436302448,6
4,COP-EOG,Energy,2019-08-01,2019-08-02,1,signal,1.2268296275528785,1.648050028829413,0.25558714475174127,0.06571625186072455,11828.92533493042,True,1.3661350401799848,0.86689957655843,-2.676611911273694,-2.676611911273694,1.9122350171612998,6
3,JPM-MS,Financials,2019-08-01,2019-08-05,4,stop_loss,0.6618468906189852,1.8946369273513275,0.6506734978800204,-0.0370815124935574,-6674.672248840332,False,0.3437732052613514,0.966997104674195,-2.225413001585816,-6.439756062629325,-2.225413001585816,6
5,GILD-JNJ,Healthcare,2019-09-09,2019-09-13,4,signal,0.7947660196920934,0.7008120119747936,0.13406449391834777,0.020543254788716634,3697.785861968994,True,1.0165759155796952,0.8962828883888763,-2.4112121814398253,-2.4112121814398253,-0.9865160365858004,6
6,EOG-MPC,Energy,2019-09-16,2019-09-17,1,signal,0.4627497777959927,1.0665567949671695,0.5661273923905412,0.04331435254414876,7796.583457946777,True,0.41437109349936463,0.9636223687186518,-2.4500509652922693,-2.4500509652922693,-0.46526205824283495,6
9,AMZN-NKE,Discretionary,2019-09-25,2019-09-30,5,stop_loss,0.48577498770592653,0.47362032116701114,0.025663312986583895,-0.043480853907267254,-7826.5537033081055,False,0.8219084550920392,0.9265558691243014,2.591965635932443,5.462295636914722,2.591965635932443,6
7,COP-EOG,Energy,2019-09-16,2019-09-30,14,timeout,1.220581762452921,1.648050028829413,0.25937820994434063,-0.025241392517089845,-4543.450653076172,False,1.7605964557968556,0.7276551261358012,-2.2118017192793107,-4.105531954248822,-2.101157355723063,6
8,EOG-MPC,Energy,2019-09-25,2019-09-30,5,timeout,0.4847692909909038,1.0665567949671695,0.545481972194621,-0.026282473458184137,-4730.8452224731445,False,0.28996051635359515,0.9744593858424941,2.3895678727886707,3.4117887985024207,2.3895678727886707,6
1,GOOGL-VZ,CommServices,2019-10-02,2019-10-04,2,signal,0.29772041237557123,1.210141931568014,0.7539789303971917,0.008459820916917589,1522.767765045166,True,1.101831699013267,0.8732998418408785,-2.239246160672514,-2.4415198076729596,-0.8173063192350151,7
3,GOOGL-VZ,CommServices,2019-10-28,2019-10-30,2,signal,0.5460529923065254,1.210141931568014,0.5487694640917123,0.02247725469801161,4045.90584564209,True,0.6248540084716395,0.9359980314592827,-2.2190506767016034,-2.2190506767016034,-0.368858467656827,7
2,LLY-UNH,Healthcare,2019-10-15,2019-10-30,15,max_exit_on_loss,-0.16173508777043377,-0.4253231204556549,0.619735960751053,-0.07240822558932834,-13033.480606079102,False,0.29004580247320966,0.9743620514381612,2.381659494984113,4.274451656991551,2.129843311883423,7
5,LLY-UNH,Healthcare,2019-11-15,2019-11-19,4,guard_trip,-0.2323784275849965,-0.4253231204556549,0.4536426156752399,-0.021685041215684677,-3903.307418823242,False,0.5542702726936569,0.9520963855918614,2.54668646265833,3.609536866038069,2.54668646265833,7
4,TMUS-VZ,CommServices,2019-11-12,2019-11-29,17,max_exit_on_loss,0.8725256090696254,1.6164069902312939,0.46020673361182723,-0.0028704070621066624,-516.6732711791992,False,0.6951276441111598,0.9351556119390496,2.4406430976830924,3.0807238730731528,1.8470970866240348,7
6,TMUS-VZ,CommServices,2019-12-05,2019-12-10,5,stop_loss,0.8740481552285126,1.6164069902312939,0.4592648011851001,-0.02820306608412001,-5076.551895141602,False,0.8305781348769503,0.9252605155426474,2.5805670196404846,5.869032554768361,2.2408485068846113,7
7,GOOGL-VZ,CommServices,2019-12-20,2019-12-26,6,signal,0.4355115045356063,1.210141931568014,0.6401153507908761,0.015913157780965168,2864.3684005737305,True,1.1189246012121647,0.8922144620779627,2.5745345637899253,2.5745345637899253,0.26415675378527154,7
