selected_book_origin,selected_book,window,start_index,start_A,start_B,mechanism,comparison,different_weight_days,identical_weight_days,mean_abs_daily_weight_difference,arithmetic_return_gap_different_weight_days,arithmetic_return_gap_identical_weight_days,arithmetic_return_gap_total,pnl_gap_different_weight_days,pnl_gap_identical_weight_days,pnl_gap_total,log_equity_gap_different_weight_days,log_equity_gap_identical_weight_days,log_equity_gap_total,final_equity_gap,different_weight_share_of_arithmetic_gap,identical_weight_share_of_arithmetic_gap,different_weight_share_of_log_gap,identical_weight_share_of_log_gap,allocator_months,allocator_different_months,allocator_identical_months,allocator_different_month_fraction,allocator_mean_abs_a_weight_difference,allocator_max_abs_a_weight_difference,allocator_largest_difference_month,allocator_largest_difference,daily_different_weight_days,daily_identical_weight_days,daily_different_weight_fraction,daily_mean_abs_weight_difference,daily_max_abs_weight_difference
v1_selected,old_v1_winner,recent,0,2023-01-01,2023-11-01,A,actual_v1_minus_v2,62,430,0.05040650406504065,0.027517970058501238,0.05219355870950287,0.07971152876800411,27919.982029698906,53656.652683478664,81576.63471317757,0.026143677320892407,0.0485946438697208,0.07473832119061322,81576.63471317757,0.3452194492291163,0.6547805507708837,0.3498028441689955,0.6501971558310045,24,3,21,0.125,0.05000000000000001,0.4,2025-04-01,0.4,62,430,0.12601626016260162,0.05040650406504065,0.4
v1_selected,old_v1_winner,recent,0,2023-01-01,2023-11-01,A,v1_matched_to_v2_minus_v2,62,430,0.05040650406504065,0.010056364652979377,0.00991283618676698,0.019969200839746355,11045.244517198433,10701.127337670423,21746.37185486885,0.010530989785612373,0.009944806861384999,0.020475796646997373,21746.371854869183,0.5035937458730627,0.49640625412693734,0.5143140443894116,0.48568595561058825,24,3,21,0.125,0.05000000000000001,0.4,2025-04-01,0.4,62,430,0.12601626016260162,0.05040650406504065,0.4
v1_selected,old_v1_winner,recent,0,2023-01-01,2023-11-01,B,actual_v1_minus_v2,62,430,0.05040650406504065,0.02711646019465233,0.05609021162062924,0.08320667181528157,27594.371736303787,58607.11248172342,86201.48421802721,0.02574464470768083,0.05258477267313054,0.07832941738081137,86201.48421802721,0.3258928593472738,0.6741071406527261,0.3286714693985147,0.6713285306014853,24,3,21,0.125,0.05000000000000001,0.4,2025-04-01,0.4,62,430,0.12601626016260162,0.05040650406504065,0.4
v1_selected,old_v1_winner,recent,0,2023-01-01,2023-11-01,B,v1_matched_to_v2_minus_v2,62,430,0.05040650406504065,0.009656464565731371,0.009051576954617998,0.01870804152034937,10648.54413397142,9872.933904435075,20521.478038406498,0.010131689825357917,0.009079772866589501,0.019211462691947408,20521.478038406465,0.5161665134871392,0.4838334865128609,0.5273773261212782,0.47262267387872237,24,3,21,0.125,0.05000000000000001,0.4,2025-04-01,0.4,62,430,0.12601626016260162,0.05040650406504065,0.4
v1_selected,old_v1_winner,recent,1,2023-02-01,2023-12-01,A,actual_v1_minus_v2,42,430,0.05338983050847458,0.08799823345908098,0.061753606723979684,0.14975184018306065,90626.42788904964,67138.04818708671,157764.47607613634,0.0868042311776926,0.05884668560637274,0.14565091678406536,157764.47607613634,0.5876270592168322,0.41237294078316783,0.595974492260726,0.4040255077392739,23,2,21,0.08695652173913043,0.05217391304347827,0.8,2025-04-01,0.8,42,430,0.08898305084745763,0.05338983050847458,0.8
v1_selected,old_v1_winner,recent,1,2023-02-01,2023-12-01,A,v1_matched_to_v2_minus_v2,42,430,0.05338983050847458,0.04002675462251303,0.007016701305760669,0.0470434559282737,40817.677683558795,8568.225065895256,49385.90274945406,0.040775111730346994,0.007139981333678646,0.04791509306402564,49385.90274945297,0.850846389422178,0.14915361057782203,0.8509868002523134,0.14901319974768662,23,2,21,0.08695652173913043,0.05217391304347827,0.8,2025-04-01,0.8,42,430,0.08898305084745763,0.05338983050847458,0.8
v1_selected,old_v1_winner,recent,1,2023-02-01,2023-12-01,B,actual_v1_minus_v2,42,430,0.05338983050847458,0.08840144438308506,0.062251177304144964,0.15065262168723004,90757.03447996825,68543.51188038383,159300.54636035208,0.08719216677527711,0.05943788465084129,0.1466300514261184,159300.54636035208,0.5867899502380737,0.4132100497619262,0.5946404978191671,0.40535950218083294,23,2,21,0.08695652173913043,0.05217391304347827,0.8,2025-04-01,0.8,42,430,0.08898305084745763,0.05338983050847458,0.8
v1_selected,old_v1_winner,recent,1,2023-02-01,2023-12-01,B,v1_matched_to_v2_minus_v2,42,430,0.05338983050847458,0.04036506035903224,0.005594663784428151,0.045959724143460404,41089.5331521479,7279.104774917887,48368.63792706578,0.04112789165868203,0.005709065355876984,0.04683695701455901,48368.63792706514,0.8782702923332445,0.1217297076667553,0.8781076799224521,0.12189232007754801,23,2,21,0.08695652173913043,0.05217391304347827,0.8,2025-04-01,0.8,42,430,0.08898305084745763,0.05338983050847458,0.8
v1_selected,old_v1_winner,recent,2,2023-03-01,2024-01-01,A,actual_v1_minus_v2,106,342,0.11339285714285714,0.08380804463241982,0.08156534176565067,0.16537338639807048,89436.35570156667,91563.11256801547,180999.46826958214,0.08266652987890756,0.07952951836677892,0.16219604824568648,180999.46826958214,0.5067807248663662,0.4932192751336339,0.5096704313886146,0.4903295686113855,22,5,17,0.22727272727272727,0.10909090909090911,0.8,2025-04-01,0.8,106,342,0.23660714285714285,0.11339285714285714,0.8
v1_selected,old_v1_winner,recent,2,2023-03-01,2024-01-01,A,v1_matched_to_v2_minus_v2,106,342,0.11339285714285714,0.05293431436817105,0.009037006932414387,0.06197132130058544,56111.301204529285,11281.647116616245,67392.94832114552,0.05438628775487556,0.009119132531361276,0.06350542028623683,67392.94832114596,0.8541743706160253,0.14582562938397467,0.8564038708781271,0.143596129121873,22,5,17,0.22727272727272727,0.10909090909090911,0.8,2025-04-01,0.8,106,342,0.23660714285714285,0.11339285714285714,0.8
v1_selected,old_v1_winner,recent,2,2023-03-01,2024-01-01,B,actual_v1_minus_v2,106,342,0.11339285714285714,0.08403836849470325,0.0783764670609163,0.16241483555561956,88985.0971296907,88537.55306962435,177522.65019931505,0.0829124367188752,0.07643059161859564,0.15934302833747083,177522.65019931505,0.5174303702442503,0.48256962975574974,0.5203392805066807,0.4796607194933194,22,5,17,0.22727272727272727,0.10909090909090911,0.8,2025-04-01,0.8,106,342,0.23660714285714285,0.11339285714285714,0.8
v1_selected,old_v1_winner,recent,2,2023-03-01,2024-01-01,B,v1_matched_to_v2_minus_v2,106,342,0.11339285714285714,0.052958107665065264,0.007819994860690318,0.060778102525755565,55875.60194469,10203.998168208669,66079.60011289867,0.05442041962071105,0.007896327217474453,0.06231674683818551,66079.60011289711,0.8713353241428281,0.12866467585717217,0.8732872362869258,0.12671276371307402,22,5,17,0.22727272727272727,0.10909090909090911,0.8,2025-04-01,0.8,106,342,0.23660714285714285,0.11339285714285714,0.8
v1_selected,old_v1_winner,recent,3,2023-04-01,2024-02-01,A,actual_v1_minus_v2,62,368,0.057674418604651154,0.027517970058501446,0.06506656525895844,0.0925845353174599,29048.486386214965,70621.26936101692,99669.75574723189,0.026143677320892626,0.06271628859292491,0.08885996591381753,99669.75574723189,0.29721994028642074,0.7027800597135792,0.2942121016144498,0.7057878983855503,21,3,18,0.14285714285714285,0.05714285714285715,0.4,2025-04-01,0.4,62,368,0.14418604651162792,0.057674418604651154,0.4
v1_selected,old_v1_winner,recent,3,2023-04-01,2024-02-01,A,v1_matched_to_v2_minus_v2,62,368,0.057674418604651154,0.010157267693271863,0.005606464828198475,0.01576373252147034,11269.427705363418,6350.955325042784,17620.383030406203,0.010623081226219846,0.005671884565399566,0.01629496579161941,17620.3830304055,0.6443440777390491,0.35565592226095066,0.6519241195144672,0.34807588048553295,21,3,18,0.14285714285714285,0.05714285714285715,0.4,2025-04-01,0.4,62,368,0.14418604651162792,0.057674418604651154,0.4
v1_selected,old_v1_winner,recent,3,2023-04-01,2024-02-01,B,actual_v1_minus_v2,62,368,0.057674418604651154,0.027116460194647692,0.06837364907632415,0.09549010927097185,28628.817432908225,74967.78162991919,103596.59906282742,0.025744644707679006,0.06610233919716633,0.09184698390484533,103596.59906282742,0.28397140187262154,0.7160285981273784,0.2802992935984789,0.7197007064015212,21,3,18,0.14285714285714285,0.05714285714285715,0.4,2025-04-01,0.4,62,368,0.14418604651162792,0.057674418604651154,0.4
v1_selected,old_v1_winner,recent,3,2023-04-01,2024-02-01,B,v1_matched_to_v2_minus_v2,62,368,0.057674418604651154,0.009777963501696602,0.003928647641101648,0.013706611142798248,10839.370546354758,4598.60060525827,15437.971151613021,0.010242684853923396,0.003990829779370964,0.01423351463329436,15437.97115161363,0.7133757133567006,0.2866242866432995,0.7196174042610807,0.2803825957389192,21,3,18,0.14285714285714285,0.05714285714285715,0.4,2025-04-01,0.4,62,368,0.14418604651162792,0.057674418604651154,0.4
v1_selected,old_v1_winner,recent,4,2023-05-01,2024-03-01,A,actual_v1_minus_v2,42,368,0.06146341463414635,0.08799823345908082,0.07336452727882728,0.1613627607379081,92062.63579915569,80949.22534960369,173011.86114875937,0.08680423117769244,0.07058213110759329,0.15738636228528574,173011.86114875937,0.5453441243609553,0.4546558756390448,0.5515359140225067,0.44846408597749327,20,2,18,0.1,0.06000000000000001,0.8,2025-04-01,0.8,42,368,0.1024390243902439,0.06146341463414635,0.8
v1_selected,old_v1_winner,recent,4,2023-05-01,2024-03-01,A,v1_matched_to_v2_minus_v2,42,368,0.06146341463414635,0.04002923282658588,0.006507918793982358,0.04653715162056823,41176.40506570439,8070.901230689533,49247.306296393916,0.04077721762991514,0.006599984865340455,0.047377202495255594,49247.30629639409,0.8601564864338191,0.13984351356618105,0.8606928117800668,0.1393071882199331,20,2,18,0.1,0.06000000000000001,0.8,2025-04-01,0.8,42,368,0.1024390243902439,0.06146341463414635,0.8
v1_selected,old_v1_winner,recent,4,2023-05-01,2024-03-01,B,actual_v1_minus_v2,42,368,0.06146341463414635,0.08840144438223052,0.07814203883546117,0.1665434832176917,92810.22906297236,87691.47345119342,180501.70251416578,0.08719216677562462,0.07548626053027852,0.16267842730590315,180501.70251416578,0.5308009816672296,0.46919901833277045,0.5359786679746237,0.4640213320253762,20,2,18,0.1,0.06000000000000001,0.8,2025-04-01,0.8,42,368,0.1024390243902439,0.06146341463414635,0.8
v1_selected,old_v1_winner,recent,4,2023-05-01,2024-03-01,B,v1_matched_to_v2_minus_v2,42,368,0.06146341463414635,0.04036495690324528,0.0056471876249488216,0.04601214452819409,41621.105983644455,7396.780072922093,49017.886056566545,0.041127803796548505,0.0057311057448536885,0.04685890954140219,49017.88605656731,0.8772674544328513,0.12273254556714888,0.8776944277845398,0.12230557221546032,20,2,18,0.1,0.06000000000000001,0.8,2025-04-01,0.8,42,368,0.1024390243902439,0.06146341463414635,0.8
v1_selected,old_v1_winner,historical,0,2014-01-01,2014-11-01,A,actual_v1_minus_v2,83,1175,0.026391096979332274,0.06378261348828919,0.18520655364474886,0.2489891671330381,73830.18619654793,251850.04105649935,325680.2272530473,0.06076149750413777,0.17605768640333594,0.23681918390747375,325680.2272530473,0.25616621888698204,0.7438337811130178,0.25657337594693147,0.7434266240530684,60,4,56,0.06666666666666667,0.02666666666666667,0.4,2015-09-01,0.4,83,1175,0.06597774244833068,0.026391096979332274,0.4
v1_selected,old_v1_winner,historical,0,2014-01-01,2014-11-01,A,v1_matched_to_v2_minus_v2,83,1175,0.026391096979332274,0.0025730723381016517,0.021528370446184383,0.024101442784286033,2791.1088651314694,26497.568347503202,29288.677212634662,0.0023406924860256977,0.021405697648133958,0.02374639013415966,29288.67721263366,0.10676009569764332,0.8932399043023568,0.09857045524820904,0.9014295447517907,60,4,56,0.06666666666666667,0.02666666666666667,0.4,2015-09-01,0.4,83,1175,0.06597774244833068,0.026391096979332274,0.4
v1_selected,old_v1_winner,historical,0,2014-01-01,2014-11-01,B,actual_v1_minus_v2,83,1175,0.026391096979332274,0.06618234308666221,0.1768268013491015,0.24300914443576377,76812.3142386612,237851.64563374105,314663.95987240225,0.06321248622924566,0.16775629836831119,0.23096878459755685,314663.95987240225,0.2723450726116878,0.727654927388312,0.273684109908566,0.7263158900914339,60,4,56,0.06666666666666667,0.02666666666666667,0.4,2015-09-01,0.4,83,1175,0.06597774244833068,0.026391096979332274,0.4
v1_selected,old_v1_winner,historical,0,2014-01-01,2014-11-01,B,v1_matched_to_v2_minus_v2,83,1175,0.026391096979332274,0.0029781522398710774,0.023127435784884926,0.026105588024756005,3245.1938019218287,28349.270273273807,31594.46407519563,0.002749213721858588,0.02300404388414047,0.025753257605999058,31594.46407519281,0.11408102499154155,0.8859189750084584,0.10675207633608946,0.8932479236639106,60,4,56,0.06666666666666667,0.02666666666666667,0.4,2015-09-01,0.4,83,1175,0.06597774244833068,0.026391096979332274,0.4
v2_selected,current_v2_rank_average_leader,recent,0,2023-01-01,2023-01-01,A,actual_v1_minus_v2,84,412,0.08387096774193549,-0.05666252310012129,0.12929335545316153,0.07263083235304027,-65641.0053850133,140949.21113154432,75308.20574653102,-0.05787285548481156,0.11852994010511833,0.060657084620306764,75308.20574653102,-0.7801442068665684,1.780144206866568,-0.9540988632585368,1.954098863258537,24,4,20,0.16666666666666666,0.08333333333333333,0.8,2024-11-01,0.8,84,412,0.1693548387096774,0.08387096774193549,0.8
v2_selected,current_v2_rank_average_leader,recent,0,2023-01-01,2023-01-01,A,v1_matched_to_v2_minus_v2,84,412,0.08387096774193549,-0.012968055919101659,-0.02700504935773544,-0.03997310527683711,-13642.933987238794,-33388.19094103978,-47031.12492827857,-0.012952263270927931,-0.0268845351908927,-0.039836798461820616,-47031.124928277684,0.3244195273119337,0.675580472688066,0.3251331374769314,0.6748668625230689,24,4,20,0.16666666666666666,0.08333333333333333,0.8,2024-11-01,0.8,84,412,0.1693548387096774,0.08387096774193549,0.8
v2_selected,current_v2_rank_average_leader,recent,0,2023-01-01,2023-01-01,B,actual_v1_minus_v2,84,412,0.08387096774193549,-0.05771370284413936,0.13425700111631036,0.07654329827217102,-67769.76039665984,147831.58391547482,80061.82351881498,-0.0589801890408842,0.12333203700555523,0.06435184796467103,80061.82351881498,-0.7540007309186262,1.754000730918626,-0.9165267339838344,1.9165267339838346,24,4,20,0.16666666666666666,0.08333333333333333,0.8,2024-11-01,0.8,84,412,0.1693548387096774,0.08387096774193549,0.8
v2_selected,current_v2_rank_average_leader,recent,0,2023-01-01,2023-01-01,B,v1_matched_to_v2_minus_v2,84,412,0.08387096774193549,-0.012919698614939946,-0.024292490032517964,-0.03721218864745791,-13721.571136863333,-30142.907802930713,-43864.47893979405,-0.012904487235623435,-0.024191564143567067,-0.0370960513791905,-43864.47893979517,0.34718996878520164,0.6528100312147984,0.34786686873262124,0.6521331312673787,24,4,20,0.16666666666666666,0.08333333333333333,0.8,2024-11-01,0.8,84,412,0.1693548387096774,0.08387096774193549,0.8
v2_selected,current_v2_rank_average_leader,recent,1,2023-02-01,2023-02-01,A,actual_v1_minus_v2,58,417,0.06484210526315788,-0.03281050686262171,0.05477973803793247,0.02196923117531076,-36839.23168421793,53360.15721240011,16520.925528182182,-0.03310914485098002,0.04782016922746655,0.014711024376486546,16520.925528182182,-1.4934754248248105,2.4934754248248105,-2.250634898267195,3.2506348982671933,23,3,20,0.13043478260869565,0.06956521739130435,0.8,2025-11-01,0.8,58,417,0.12210526315789473,0.06484210526315788,0.8
v2_selected,current_v2_rank_average_leader,recent,1,2023-02-01,2023-02-01,A,v1_matched_to_v2_minus_v2,58,417,0.06484210526315788,-0.024616666961728813,-0.001438475789124444,-0.02605514275085325,-27174.632471313456,-1227.814629123388,-28402.44710043684,-0.02468031557953114,-0.0011277090486494492,-0.025808024628180597,-28402.447100437945,0.9447910992897043,0.05520890071029593,0.956303937829551,0.04369606217044865,23,3,20,0.13043478260869565,0.06956521739130435,0.8,2025-11-01,0.8,58,417,0.12210526315789473,0.06484210526315788,0.8
v2_selected,current_v2_rank_average_leader,recent,1,2023-02-01,2023-02-01,B,actual_v1_minus_v2,58,417,0.06484210526315788,-0.028852302376760355,0.04266878664331506,0.01381648426655471,-31835.331015313277,38756.86565666436,6921.534641351085,-0.029135259457767335,0.03542066151403927,0.006285402056271944,6921.534641351085,-2.088252106695663,3.0882521066956627,-4.635385166601149,5.635385166601147,23,3,20,0.13043478260869565,0.06956521739130435,0.8,2025-11-01,0.8,58,417,0.12210526315789473,0.06484210526315788,0.8
v2_selected,current_v2_rank_average_leader,recent,1,2023-02-01,2023-02-01,B,v1_matched_to_v2_minus_v2,58,417,0.06484210526315788,-0.0230091214875642,-0.0009836317022511188,-0.023992753189815325,-25027.677392600017,-700.2122593921181,-25727.889651992136,-0.02306430675940623,-0.0006516185239013334,-0.023715925283307567,-25727.889651992125,0.9590029666679243,0.040997033332075467,0.9725240100853253,0.02747598991467453,23,3,20,0.13043478260869565,0.06956521739130435,0.8,2025-11-01,0.8,58,417,0.12210526315789473,0.06484210526315788,0.8
v2_selected,current_v2_rank_average_leader,recent,2,2023-03-01,2023-03-01,A,actual_v1_minus_v2,84,364,0.09553571428571428,0.04043986609400392,0.11793154930608901,0.1583714154000929,59528.59515487263,136319.83811518014,195848.43327005277,0.03981102677598646,0.10647817907103362,0.14628920584702007,195848.43327005277,0.2553482646590036,0.7446517353409966,0.27213919540733783,0.7278608045926622,22,4,18,0.18181818181818182,0.09090909090909091,0.8,2025-10-01,0.8,84,364,0.1875,0.09553571428571428,0.8
v2_selected,current_v2_rank_average_leader,recent,2,2023-03-01,2023-03-01,A,v1_matched_to_v2_minus_v2,84,364,0.09553571428571428,0.023985306640099565,-0.006264261315368961,0.017721045324730605,30088.093192703403,-7185.577031413946,22902.51616128946,0.023833145805023544,-0.005579104933974685,0.01825404087104886,22902.516161286505,1.3534927652731,-0.3534927652731,1.305636706600302,-0.3056367066003022,22,4,18,0.18181818181818182,0.09090909090909091,0.8,2025-10-01,0.8,84,364,0.1875,0.09553571428571428,0.8
v2_selected,current_v2_rank_average_leader,recent,2,2023-03-01,2023-03-01,B,actual_v1_minus_v2,84,364,0.09553571428571428,0.040209746196397,0.11658778011566776,0.15679752631206473,58777.17195365403,133872.20093008957,192649.3728837436,0.039598386105531916,0.10491655145486227,0.14451493756039416,192649.3728837436,0.25644375356005267,0.7435562464399476,0.27400894865268427,0.7259910513473159,22,4,18,0.18181818181818182,0.09090909090909091,0.8,2025-10-01,0.8,84,364,0.1875,0.09553571428571428,0.8
v2_selected,current_v2_rank_average_leader,recent,2,2023-03-01,2023-03-01,B,v1_matched_to_v2_minus_v2,84,364,0.09553571428571428,0.023903364136583994,-0.005900307966107917,0.01800305617047607,29941.846876633437,-6753.070265108166,23188.776611525278,0.023758042919818156,-0.005216351393807737,0.018541691526010415,23188.776611525565,1.3277392410619744,-0.3277392410619741,1.281330933938266,-0.2813309339382657,22,4,18,0.18181818181818182,0.09090909090909091,0.8,2025-10-01,0.8,84,364,0.1875,0.09553571428571428,0.8
v2_selected,current_v2_rank_average_leader,recent,3,2023-04-01,2023-04-01,A,actual_v1_minus_v2,20,409,0.018648018648018648,-0.015181595267880202,0.08058749953374139,0.06540590426586118,-16523.320165166864,84379.44666859857,67856.1265034317,-0.01539965814282641,0.07107316173644837,0.055673503593621956,67856.1265034317,-0.23211352917269096,1.232113529172691,-0.2766065928818358,1.2766065928818358,21,1,20,0.047619047619047616,0.01904761904761905,0.4,2024-11-01,0.4,20,409,0.046620046620046623,0.018648018648018648,0.4
v2_selected,current_v2_rank_average_leader,recent,3,2023-04-01,2023-04-01,A,v1_matched_to_v2_minus_v2,20,409,0.018648018648018648,-0.0006095178122826406,-0.0376918305152871,-0.03830134832756975,-487.61211735616615,-43718.758722850835,-44206.370840207004,-0.0005580779376434093,-0.03745366504557535,-0.038011742983218764,-44206.37084020628,0.015913742959380434,0.9840862570406194,0.014681724484188658,0.9853182755158113,21,1,20,0.047619047619047616,0.01904761904761905,0.4,2024-11-01,0.4,20,409,0.046620046620046623,0.018648018648018648,0.4
v2_selected,current_v2_rank_average_leader,recent,3,2023-04-01,2023-04-01,B,actual_v1_minus_v2,20,409,0.018648018648018648,-0.015672625799646667,0.0762494481402364,0.060576822340589725,-16948.880585726,78398.28681161173,61449.40622588573,-0.015896934930328715,0.06678822526224473,0.05089129033191601,61449.40622588573,-0.25872314185660356,1.2587231418566038,-0.31237044348154597,1.3123704434815462,21,1,20,0.047619047619047616,0.01904761904761905,0.4,2024-11-01,0.4,20,409,0.046620046620046623,0.018648018648018648,0.4
v2_selected,current_v2_rank_average_leader,recent,3,2023-04-01,2023-04-01,B,v1_matched_to_v2_minus_v2,20,409,0.018648018648018648,-0.000620716180358488,-0.03625017213207832,-0.036870888312436796,-502.9093749829175,-41770.09920994815,-42273.008584931056,-0.0005689280774695796,-0.03600781465744384,-0.03657674273491342,-42273.00858493126,0.01683485830606138,0.9831651416939389,0.015554366926350812,0.9844456330736493,21,1,20,0.047619047619047616,0.01904761904761905,0.4,2024-11-01,0.4,20,409,0.046620046620046623,0.018648018648018648,0.4
v2_selected,current_v2_rank_average_leader,recent,4,2023-05-01,2023-05-01,A,actual_v1_minus_v2,58,355,0.07457627118644065,-0.03281050686262127,0.0574904462190758,0.024679939356454544,-37422.55620514043,57893.81564695807,20471.259441817645,-0.03310914485097957,0.051042574551647735,0.017933429700668177,20471.259441817645,-1.3294403356805793,2.329440335680579,-1.8462249220374152,2.8462249220374143,20,3,17,0.15,0.08,0.8,2025-11-01,0.8,58,355,0.14043583535108958,0.07457627118644065,0.8
v2_selected,current_v2_rank_average_leader,recent,4,2023-05-01,2023-05-01,A,v1_matched_to_v2_minus_v2,58,355,0.07457627118644065,-0.024620347731187136,-0.004442444871136172,-0.029062792602323306,-27577.3028426494,-4616.305545499921,-32193.608388149325,-0.02468529653887335,-0.004184409301626319,-0.028869705840499672,-32193.608388148015,0.847143220821077,0.15285677917892304,0.8550588175458217,0.14494118245417825,20,3,17,0.15,0.08,0.8,2025-11-01,0.8,58,355,0.14043583535108958,0.07457627118644065,0.8
v2_selected,current_v2_rank_average_leader,recent,4,2023-05-01,2023-05-01,B,actual_v1_minus_v2,58,355,0.07457627118644065,-0.028852302376761566,0.040569326469194325,0.011717024092432754,-32004.716038259445,36502.893692224985,4498.17765396554,-0.02913525945776854,0.03320037191057305,0.00406511245280451,4498.17765396554,-2.4624257959318654,3.462425795931866,-7.167147230494989,8.167147230494988,20,3,17,0.15,0.08,0.8,2025-11-01,0.8,58,355,0.14043583535108958,0.07457627118644065,0.8
v2_selected,current_v2_rank_average_leader,recent,4,2023-05-01,2023-05-01,B,v1_matched_to_v2_minus_v2,58,355,0.07457627118644065,-0.023014067269991525,-0.0038370771654738364,-0.02685114443546536,-25176.641749611783,-3830.536556078834,-29007.178305690617,-0.023070263375663924,-0.003548746311069223,-0.02661900968673315,-29007.17830569134,0.85709818906617,0.14290181093383017,0.8666837589815405,0.13331624101845946,20,3,17,0.15,0.08,0.8,2025-11-01,0.8,58,355,0.14043583535108958,0.07457627118644065,0.8
v2_selected,current_v2_rank_average_leader,historical,0,2014-01-01,2014-01-01,A,actual_v1_minus_v2,211,1041,0.08817891373801917,0.011209946189892104,0.09220222120115011,0.10341216739104218,10307.43749737041,100798.8569626566,111106.29446002701,0.00875746851598825,0.0805509496397998,0.08930841815578805,111106.29446002701,0.10840065025910227,0.891599349740898,0.09805871268161837,0.9019412873183815,60,10,50,0.16666666666666666,0.08666666666666668,0.8,2018-10-01,0.8,211,1041,0.16853035143769968,0.08817891373801917,0.8
v2_selected,current_v2_rank_average_leader,historical,0,2014-01-01,2014-01-01,A,v1_matched_to_v2_minus_v2,211,1041,0.08817891373801917,-0.0040417921988232155,-0.004676395738389556,-0.008718187937212773,-4301.574119375542,-6214.523540716635,-10516.097660092184,-0.004038856964569553,-0.004842367523385974,-0.008881224487955528,-10516.09766009287,0.46360461920890716,0.5363953807910926,0.4547635261384215,0.5452364738615783,60,10,50,0.16666666666666666,0.08666666666666668,0.8,2018-10-01,0.8,211,1041,0.16853035143769968,0.08817891373801917,0.8
v2_selected,current_v2_rank_average_leader,historical,0,2014-01-01,2014-01-01,B,actual_v1_minus_v2,211,1041,0.08817891373801917,0.011080930380174945,0.09849379111345001,0.10957472149362496,9898.867515798775,110295.9736182337,120194.84113403247,0.008627107277224304,0.08716952333575018,0.09579663061297447,120194.84113403247,0.10112670357843101,0.898873296421569,0.0900564792521614,0.9099435207478387,60,10,50,0.16666666666666666,0.08666666666666668,0.8,2018-10-01,0.8,211,1041,0.16853035143769968,0.08817891373801917,0.8
v2_selected,current_v2_rank_average_leader,historical,0,2014-01-01,2014-01-01,B,v1_matched_to_v2_minus_v2,211,1041,0.08817891373801917,-0.004130775832862302,-0.0029883984516259968,-0.0071191742844883,-4379.399034440513,-4256.372233543178,-8635.771267983686,-0.004125714540854455,-0.003123764778565262,-0.007249479319419726,-8635.771267979173,0.5802324353630018,0.41976756463699805,0.5691049465859697,0.43089505341402906,60,10,50,0.16666666666666666,0.08666666666666668,0.8,2018-10-01,0.8,211,1041,0.16853035143769968,0.08817891373801917,0.8
