selected_book_origin,selected_book,leg_a,leg_b,window,start_index,start_A,start_B,mechanism,case,sizing_mode,allocator_source,cumulative_return,annualized_return,annualized_volatility,sharpe,max_drawdown,final_equity,rejected_entries
v1_selected,old_v1_winner,sp500-12m/cross_sector_slide1m_noscreen,sp500-2m/cross_sector_slide3m_bd7,recent,0,2023-01-01,2023-11-01,A,v1_sizing_v1_allocator,v1,v1,0.13279309556699048,0.0659471425801279,0.08949847720760064,0.757897246275056,-0.06680447491116259,1132793.0955669906,0
v1_selected,old_v1_winner,sp500-12m/cross_sector_slide1m_noscreen,sp500-2m/cross_sector_slide3m_bd7,recent,0,2023-01-01,2023-11-01,A,v2_sizing_v2_allocator,v2,v2,0.05121646085381304,0.025913193204439633,0.0536526203120015,0.5032893652943384,-0.03494429588939252,1051216.460853813,0
v1_selected,old_v1_winner,sp500-12m/cross_sector_slide1m_noscreen,sp500-2m/cross_sector_slide3m_bd7,recent,0,2023-01-01,2023-11-01,A,v1_sizing_v2_allocator,v1,v2,0.08706834061731006,0.04368773664120651,0.09450995560844536,0.49900818434434935,-0.06680447491116259,1087068.34061731,0
v1_selected,old_v1_winner,sp500-12m/cross_sector_slide1m_noscreen,sp500-2m/cross_sector_slide3m_bd7,recent,0,2023-01-01,2023-11-01,A,v2_sizing_v1_allocator,v2,v1,0.06628977928416835,0.03342167265859075,0.05128508773425026,0.6664018174078427,-0.03494429588939252,1066289.7792841683,0
v1_selected,old_v1_winner,sp500-12m/cross_sector_slide1m_noscreen,sp500-2m/cross_sector_slide3m_bd7,recent,0,2023-01-01,2023-11-01,B,v1_sizing_v1_allocator,v1,v1,0.14416285490296343,0.07141368331999565,0.08872112477119011,0.8214226361021085,-0.06456678984993802,1144162.8549029634,0
v1_selected,old_v1_winner,sp500-12m/cross_sector_slide1m_noscreen,sp500-2m/cross_sector_slide3m_bd7,recent,0,2023-01-01,2023-11-01,B,v2_sizing_v2_allocator,v2,v2,0.057961370684930236,0.02927948706267469,0.05328780119837403,0.5678502037880133,-0.03393253193989576,1057961.3706849301,0
v1_selected,old_v1_winner,sp500-12m/cross_sector_slide1m_noscreen,sp500-2m/cross_sector_slide3m_bd7,recent,0,2023-01-01,2023-11-01,B,v1_sizing_v2_allocator,v1,v2,0.10033198626789774,0.05019091269064346,0.09383495044862218,0.5681241337390336,-0.06456678984993802,1100331.9862678978,0
v1_selected,old_v1_winner,sp500-12m/cross_sector_slide1m_noscreen,sp500-2m/cross_sector_slide3m_bd7,recent,0,2023-01-01,2023-11-01,B,v2_sizing_v1_allocator,v2,v1,0.07249090724818275,0.03649560117737316,0.05090778210369037,0.729311908201101,-0.03393253193989576,1072490.9072481827,0
v1_selected,old_v1_winner,sp500-12m/cross_sector_slide1m_noscreen,sp500-2m/cross_sector_slide3m_bd7,recent,1,2023-02-01,2023-12-01,A,v1_sizing_v1_allocator,v1,v1,0.16396487806042614,0.08443915019598403,0.08338654562443304,1.0134882835383676,-0.0566189291229543,1163964.878060426,0
v1_selected,old_v1_winner,sp500-12m/cross_sector_slide1m_noscreen,sp500-2m/cross_sector_slide3m_bd7,recent,1,2023-02-01,2023-12-01,A,v2_sizing_v2_allocator,v2,v2,0.0062004019842902824,0.003305615015239516,0.05022030996115711,0.09078066904741912,-0.05694027365136278,1006200.4019842903,0
v1_selected,old_v1_winner,sp500-12m/cross_sector_slide1m_noscreen,sp500-2m/cross_sector_slide3m_bd7,recent,1,2023-02-01,2023-12-01,A,v1_sizing_v2_allocator,v1,v2,0.05942409796147663,0.031299361766819134,0.08184987211352235,0.41741419773545,-0.08458808888531999,1059424.0979614765,0
v1_selected,old_v1_winner,sp500-12m/cross_sector_slide1m_noscreen,sp500-2m/cross_sector_slide3m_bd7,recent,1,2023-02-01,2023-12-01,A,v2_sizing_v1_allocator,v2,v1,0.07252543966803326,0.038088947790368755,0.05037061809101823,0.767084411512276,-0.036280867924672666,1072525.4396680333,0
v1_selected,old_v1_winner,sp500-12m/cross_sector_slide1m_noscreen,sp500-2m/cross_sector_slide3m_bd7,recent,1,2023-02-01,2023-12-01,B,v1_sizing_v1_allocator,v1,v1,0.16800740734752928,0.08644836312472925,0.08281873586812341,1.0422125979165924,-0.059734193006780956,1168007.4073475292,0
v1_selected,old_v1_winner,sp500-12m/cross_sector_slide1m_noscreen,sp500-2m/cross_sector_slide3m_bd7,recent,1,2023-02-01,2023-12-01,B,v2_sizing_v2_allocator,v2,v2,0.008706860987178766,0.0046391856233534146,0.05010462393274302,0.11738538338885464,-0.057259256710653905,1008706.8609871787,0
v1_selected,old_v1_winner,sp500-12m/cross_sector_slide1m_noscreen,sp500-2m/cross_sector_slide3m_bd7,recent,1,2023-02-01,2023-12-01,B,v1_sizing_v2_allocator,v1,v2,0.06297208871490967,0.03314190372138337,0.08153676044347936,0.4405962205917761,-0.08483389567236277,1062972.0887149097,0
v1_selected,old_v1_winner,sp500-12m/cross_sector_slide1m_noscreen,sp500-2m/cross_sector_slide3m_bd7,recent,1,2023-02-01,2023-12-01,B,v2_sizing_v1_allocator,v2,v1,0.07554693964802972,0.039649302250876595,0.050085322193467216,0.8011571828567352,-0.036355045162245636,1075546.9396480296,0
v1_selected,old_v1_winner,sp500-12m/cross_sector_slide1m_noscreen,sp500-2m/cross_sector_slide3m_bd7,recent,2,2023-03-01,2024-01-01,A,v1_sizing_v1_allocator,v1,v1,0.2088753102332075,0.11260138982023848,0.082610712174945,1.332533127582587,-0.05119020939955299,1208875.3102332074,0
v1_selected,old_v1_winner,sp500-12m/cross_sector_slide1m_noscreen,sp500-2m/cross_sector_slide3m_bd7,recent,2,2023-03-01,2024-01-01,A,v2_sizing_v2_allocator,v2,v2,0.02787584196362647,0.015585801844714142,0.056492157464657196,0.30197077936105016,-0.06732359884777561,1027875.8419636264,0
v1_selected,old_v1_winner,sp500-12m/cross_sector_slide1m_noscreen,sp500-2m/cross_sector_slide3m_bd7,recent,2,2023-03-01,2024-01-01,A,v1_sizing_v2_allocator,v1,v2,0.1281303491143082,0.07016833504332931,0.09427667123530567,0.765600368378015,-0.08368796677391388,1128130.3491143081,0
v1_selected,old_v1_winner,sp500-12m/cross_sector_slide1m_noscreen,sp500-2m/cross_sector_slide3m_bd7,recent,2,2023-03-01,2024-01-01,A,v2_sizing_v1_allocator,v2,v1,0.09706267285641168,0.05348943403943629,0.04991641824064307,1.0686443803646433,-0.03560352445552373,1097062.6728564117,0
v1_selected,old_v1_winner,sp500-12m/cross_sector_slide1m_noscreen,sp500-2m/cross_sector_slide3m_bd7,recent,2,2023-03-01,2024-01-01,B,v1_sizing_v1_allocator,v1,v1,0.20520868093007416,0.11070190382752743,0.08179051653299114,1.324167653104005,-0.050959750898283085,1205208.680930074,0
v1_selected,old_v1_winner,sp500-12m/cross_sector_slide1m_noscreen,sp500-2m/cross_sector_slide3m_bd7,recent,2,2023-03-01,2024-01-01,B,v2_sizing_v2_allocator,v2,v2,0.027686030730762923,0.015480305371055936,0.05633080343137766,0.30083027919640615,-0.06743373653035889,1027686.0307307629,0
v1_selected,old_v1_winner,sp500-12m/cross_sector_slide1m_noscreen,sp500-2m/cross_sector_slide3m_bd7,recent,2,2023-03-01,2024-01-01,B,v1_sizing_v2_allocator,v1,v2,0.125507663556218,0.06876815908416178,0.09408903331255301,0.7530038837949011,-0.08380193161183003,1125507.663556218,0
v1_selected,old_v1_winner,sp500-12m/cross_sector_slide1m_noscreen,sp500-2m/cross_sector_slide3m_bd7,recent,2,2023-03-01,2024-01-01,B,v2_sizing_v1_allocator,v2,v1,0.09670907887955393,0.053298423753507684,0.04954200881103097,1.0726828275344924,-0.03556266786144657,1096709.0788795538,0
v1_selected,old_v1_winner,sp500-12m/cross_sector_slide1m_noscreen,sp500-2m/cross_sector_slide3m_bd7,recent,3,2023-04-01,2024-02-01,A,v1_sizing_v1_allocator,v1,v1,0.17222255345434112,0.09759750840795567,0.08650588602826968,1.119291728722182,-0.047043046639273056,1172222.5534543411,0
v1_selected,old_v1_winner,sp500-12m/cross_sector_slide1m_noscreen,sp500-2m/cross_sector_slide3m_bd7,recent,3,2023-04-01,2024-02-01,A,v2_sizing_v2_allocator,v2,v2,0.07255279770710699,0.04190173525177676,0.05549610239396903,0.7670174467669238,-0.031303706954716404,1072552.797707107,0
v1_selected,old_v1_winner,sp500-12m/cross_sector_slide1m_noscreen,sp500-2m/cross_sector_slide3m_bd7,recent,3,2023-04-01,2024-02-01,A,v1_sizing_v2_allocator,v1,v2,0.12490624369491221,0.07141209636881074,0.09243305056750964,0.7916613588285522,-0.058422814692913105,1124906.2436949122,0
v1_selected,old_v1_winner,sp500-12m/cross_sector_slide1m_noscreen,sp500-2m/cross_sector_slide3m_bd7,recent,3,2023-04-01,2024-02-01,A,v2_sizing_v1_allocator,v2,v1,0.08793205636148205,0.050631316328859644,0.052862258379784435,0.9605058066001975,-0.030702590297976395,1087932.056361482,0
v1_selected,old_v1_winner,sp500-12m/cross_sector_slide1m_noscreen,sp500-2m/cross_sector_slide3m_bd7,recent,3,2023-04-01,2024-02-01,B,v1_sizing_v1_allocator,v1,v1,0.1805170847494011,0.10214239006498627,0.08568713647945235,1.1774006485894541,-0.04679781210492173,1180517.084749401,0
v1_selected,old_v1_winner,sp500-12m/cross_sector_slide1m_noscreen,sp500-2m/cross_sector_slide3m_bd7,recent,3,2023-04-01,2024-02-01,B,v2_sizing_v2_allocator,v2,v2,0.0769204856865715,0.04438616242376603,0.05509713818905166,0.8154043224405962,-0.031235798088710354,1076920.4856865716,0
v1_selected,old_v1_winner,sp500-12m/cross_sector_slide1m_noscreen,sp500-2m/cross_sector_slide3m_bd7,recent,3,2023-04-01,2024-02-01,B,v1_sizing_v2_allocator,v1,v2,0.1352935494446421,0.07719902326382111,0.09173605044960807,0.855705785734149,-0.05690815911344205,1135293.5494446422,0
v1_selected,old_v1_winner,sp500-12m/cross_sector_slide1m_noscreen,sp500-2m/cross_sector_slide3m_bd7,recent,3,2023-04-01,2024-02-01,B,v2_sizing_v1_allocator,v2,v1,0.09171039768719957,0.05276814675848396,0.05244921002034686,1.006400302545767,-0.030644188595677524,1091710.3976871995,0
v1_selected,old_v1_winner,sp500-12m/cross_sector_slide1m_noscreen,sp500-2m/cross_sector_slide3m_bd7,recent,4,2023-05-01,2024-03-01,A,v1_sizing_v1_allocator,v1,v1,0.1880552854851798,0.11172445976425949,0.08815304471469088,1.2452476567277955,-0.05541041768724153,1188055.2854851799,0
v1_selected,old_v1_winner,sp500-12m/cross_sector_slide1m_noscreen,sp500-2m/cross_sector_slide3m_bd7,recent,4,2023-05-01,2024-03-01,A,v2_sizing_v2_allocator,v2,v2,0.01504342433642103,0.009219585662114005,0.05326321536554503,0.19888603409016203,-0.056940273651361895,1015043.4243364211,0
v1_selected,old_v1_winner,sp500-12m/cross_sector_slide1m_noscreen,sp500-2m/cross_sector_slide3m_bd7,recent,4,2023-05-01,2024-03-01,A,v1_sizing_v2_allocator,v1,v2,0.0813508404573664,0.049245332107207496,0.08653581466426284,0.5987473334920861,-0.08458808888531921,1081350.8404573663,0
v1_selected,old_v1_winner,sp500-12m/cross_sector_slide1m_noscreen,sp500-2m/cross_sector_slide3m_bd7,recent,4,2023-05-01,2024-03-01,A,v2_sizing_v1_allocator,v2,v1,0.08195136159920202,0.04960343592168415,0.053401253987924995,0.9330544000021035,-0.03628086792467211,1081951.361599202,0
v1_selected,old_v1_winner,sp500-12m/cross_sector_slide1m_noscreen,sp500-2m/cross_sector_slide3m_bd7,recent,4,2023-05-01,2024-03-01,B,v1_sizing_v1_allocator,v1,v1,0.20225814402733455,0.11987444673247794,0.08723980350724807,1.341111549461237,-0.05542154051878878,1202258.1440273346,0
v1_selected,old_v1_winner,sp500-12m/cross_sector_slide1m_noscreen,sp500-2m/cross_sector_slide3m_bd7,recent,4,2023-05-01,2024-03-01,B,v2_sizing_v2_allocator,v2,v2,0.021756441513169467,0.013316750113105513,0.05307517747303999,0.275740885228193,-0.05725925657269637,1021756.4415131694,0
v1_selected,old_v1_winner,sp500-12m/cross_sector_slide1m_noscreen,sp500-2m/cross_sector_slide3m_bd7,recent,4,2023-05-01,2024-03-01,B,v1_sizing_v2_allocator,v1,v2,0.09414276193952675,0.05685695445633687,0.08591010733947667,0.6866296202401438,-0.08483389489342641,1094142.7619395268,0
v1_selected,old_v1_winner,sp500-12m/cross_sector_slide1m_noscreen,sp500-2m/cross_sector_slide3m_bd7,recent,4,2023-05-01,2024-03-01,B,v2_sizing_v1_allocator,v2,v1,0.08946122628020436,0.054075282915149625,0.05302065520686509,1.0195672404370102,-0.03635504502671061,1089461.2262802043,0
v1_selected,old_v1_winner,sp500-12m/cross_sector_slide1m_noscreen,sp500-2m/cross_sector_slide3m_bd7,historical,0,2014-01-01,2014-11-01,A,v1_sizing_v1_allocator,v1,v1,0.5444887771118547,0.09098047531941122,0.08046115027337992,1.1222203409030458,-0.08952974140493075,1544488.7771118546,0
v1_selected,old_v1_winner,sp500-12m/cross_sector_slide1m_noscreen,sp500-2m/cross_sector_slide3m_bd7,historical,0,2014-01-01,2014-11-01,A,v2_sizing_v2_allocator,v2,v2,0.21880854985880438,0.04043372923994992,0.039526709261098594,1.0225525213643203,-0.04986683592651331,1218808.5498588043,0
v1_selected,old_v1_winner,sp500-12m/cross_sector_slide1m_noscreen,sp500-2m/cross_sector_slide3m_bd7,historical,0,2014-01-01,2014-11-01,A,v1_sizing_v2_allocator,v1,v2,0.5608403184445223,0.09328446288598347,0.07878058283857264,1.1712360664155606,-0.08952974140493253,1560840.3184445223,0
v1_selected,old_v1_winner,sp500-12m/cross_sector_slide1m_noscreen,sp500-2m/cross_sector_slide3m_bd7,historical,0,2014-01-01,2014-11-01,A,v2_sizing_v1_allocator,v2,v1,0.20754180306179038,0.03849994261277345,0.04036949325446311,0.955945565774791,-0.04986683592651253,1207541.8030617903,0
v1_selected,old_v1_winner,sp500-12m/cross_sector_slide1m_noscreen,sp500-2m/cross_sector_slide3m_bd7,historical,0,2014-01-01,2014-11-01,B,v1_sizing_v1_allocator,v1,v1,0.5257488077532957,0.08831583709730029,0.08010529325813628,1.0962936288662382,-0.08866595043142156,1525748.8077532956,0
v1_selected,old_v1_winner,sp500-12m/cross_sector_slide1m_noscreen,sp500-2m/cross_sector_slide3m_bd7,historical,0,2014-01-01,2014-11-01,B,v2_sizing_v2_allocator,v2,v2,0.21108484788088933,0.03910960856678125,0.039410517330916606,0.993131478411063,-0.04965148699019817,1211084.8478808894,0
v1_selected,old_v1_winner,sp500-12m/cross_sector_slide1m_noscreen,sp500-2m/cross_sector_slide3m_bd7,historical,0,2014-01-01,2014-11-01,B,v1_sizing_v2_allocator,v1,v2,0.5391817679217643,0.09022850715251418,0.07860465392002626,1.1380467502344123,-0.08866595043142211,1539181.7679217644,0
v1_selected,old_v1_winner,sp500-12m/cross_sector_slide1m_noscreen,sp500-2m/cross_sector_slide3m_bd7,historical,0,2014-01-01,2014-11-01,B,v2_sizing_v1_allocator,v2,v1,0.2003793331468482,0.03726308572056447,0.04022560126872413,0.9295892401174618,-0.04965148699019806,1200379.3331468483,0
v2_selected,current_v2_rank_average_leader,sp500-12m/same_sector_slide1m_noscreen,sp500-12m/same_sector_slide3m_noscreen,recent,0,2023-01-01,2023-01-01,A,v1_sizing_v1_allocator,v1,v1,0.2795748910589342,0.13343413481391098,0.13188035020217556,1.0150451879841105,-0.09815660611429855,1279574.8910589342,0
v2_selected,current_v2_rank_average_leader,sp500-12m/same_sector_slide1m_noscreen,sp500-12m/same_sector_slide3m_noscreen,recent,0,2023-01-01,2023-01-01,A,v2_sizing_v2_allocator,v2,v2,0.2042666853124051,0.09903703001422826,0.07141465969470516,1.3577515678348944,-0.032000433551497065,1204266.685312405,0
v2_selected,current_v2_rank_average_leader,sp500-12m/same_sector_slide1m_noscreen,sp500-12m/same_sector_slide3m_noscreen,recent,0,2023-01-01,2023-01-01,A,v1_sizing_v2_allocator,v1,v2,0.33230719640817785,0.15692994157105367,0.1296768409404541,1.1883704173398761,-0.06276895905597268,1332307.196408178,0
v2_selected,current_v2_rank_average_leader,sp500-12m/same_sector_slide1m_noscreen,sp500-12m/same_sector_slide3m_noscreen,recent,0,2023-01-01,2023-01-01,A,v2_sizing_v1_allocator,v2,v1,0.17672123821014063,0.08619236136198105,0.07267205450801119,1.1736831909998202,-0.05530938368583638,1176721.2382101407,0
v2_selected,current_v2_rank_average_leader,sp500-12m/same_sector_slide1m_noscreen,sp500-12m/same_sector_slide3m_noscreen,recent,0,2023-01-01,2023-01-01,B,v1_sizing_v1_allocator,v1,v1,0.28458647956066296,0.13568737287050503,0.13278629099584993,1.0239887952339628,-0.09979466514809932,1284586.479560663,0
v2_selected,current_v2_rank_average_leader,sp500-12m/same_sector_slide1m_noscreen,sp500-12m/same_sector_slide3m_noscreen,recent,0,2023-01-01,2023-01-01,B,v2_sizing_v2_allocator,v2,v2,0.20452465604184944,0.099156636868442,0.07155333108678322,1.356788550111098,-0.0322069071989618,1204524.6560418494,0
v2_selected,current_v2_rank_average_leader,sp500-12m/same_sector_slide1m_noscreen,sp500-12m/same_sector_slide3m_noscreen,recent,0,2023-01-01,2023-01-01,B,v1_sizing_v2_allocator,v1,v2,0.338758762853151,0.15977289917906545,0.13044879007583804,1.2009345257095319,-0.06320538038402523,1338758.762853151,0
v2_selected,current_v2_rank_average_leader,sp500-12m/same_sector_slide1m_noscreen,sp500-12m/same_sector_slide3m_noscreen,recent,0,2023-01-01,2023-01-01,B,v2_sizing_v1_allocator,v2,v1,0.17661290858871248,0.0861415560553842,0.0728619429142357,1.1701801933674,-0.055849847578538836,1176612.9085887126,0
v2_selected,current_v2_rank_average_leader,sp500-12m/same_sector_slide1m_noscreen,sp500-12m/same_sector_slide3m_noscreen,recent,1,2023-02-01,2023-02-01,A,v1_sizing_v1_allocator,v1,v1,0.13131097585233875,0.06764448589194072,0.11008424774127447,0.6485379553700179,-0.05816423792553338,1131310.9758523388,0
v2_selected,current_v2_rank_average_leader,sp500-12m/same_sector_slide1m_noscreen,sp500-12m/same_sector_slide3m_noscreen,recent,1,2023-02-01,2023-02-01,A,v2_sizing_v2_allocator,v2,v2,0.11479005032415524,0.05934439466691077,0.06512035682332261,0.9173561169894056,-0.03475292492712412,1114790.0503241553,0
v2_selected,current_v2_rank_average_leader,sp500-12m/same_sector_slide1m_noscreen,sp500-12m/same_sector_slide3m_noscreen,recent,1,2023-02-01,2023-02-01,A,v1_sizing_v2_allocator,v1,v2,0.16764295834530207,0.08569980688888834,0.11097763067193407,0.7953593023116399,-0.05816423792553338,1167642.9583453021,0
v2_selected,current_v2_rank_average_leader,sp500-12m/same_sector_slide1m_noscreen,sp500-12m/same_sector_slide3m_noscreen,recent,1,2023-02-01,2023-02-01,A,v2_sizing_v1_allocator,v2,v1,0.09403620510741639,0.04883540946237197,0.06475773991368182,0.7681424993307144,-0.03475292492712412,1094036.2051074165,0
v2_selected,current_v2_rank_average_leader,sp500-12m/same_sector_slide1m_noscreen,sp500-12m/same_sector_slide3m_noscreen,recent,1,2023-02-01,2023-02-01,B,v1_sizing_v1_allocator,v1,v1,0.10467233125489939,0.05423273393180983,0.11177509394420163,0.5273008574127843,-0.08081661677725382,1104672.3312548995,0
v2_selected,current_v2_rank_average_leader,sp500-12m/same_sector_slide1m_noscreen,sp500-12m/same_sector_slide3m_noscreen,recent,1,2023-02-01,2023-02-01,B,v2_sizing_v2_allocator,v2,v2,0.09775079661354846,0.05072317451306163,0.06578101564255046,0.784559099231818,-0.04489055298882105,1097750.7966135484,0
v2_selected,current_v2_rank_average_leader,sp500-12m/same_sector_slide1m_noscreen,sp500-12m/same_sector_slide3m_noscreen,recent,1,2023-02-01,2023-02-01,B,v1_sizing_v2_allocator,v1,v2,0.136542418617847,0.0702608757878298,0.11221879483359302,0.6601507147656516,-0.08081661677725382,1136542.418617847,0
v2_selected,current_v2_rank_average_leader,sp500-12m/same_sector_slide1m_noscreen,sp500-12m/same_sector_slide3m_noscreen,recent,1,2023-02-01,2023-02-01,B,v2_sizing_v1_allocator,v2,v1,0.07977699450543718,0.041560739993249385,0.06560118910648613,0.6529970918045515,-0.04489055298882105,1079776.994505437,0
v2_selected,current_v2_rank_average_leader,sp500-12m/same_sector_slide1m_noscreen,sp500-12m/same_sector_slide3m_noscreen,recent,2,2023-03-01,2023-03-01,A,v1_sizing_v1_allocator,v1,v1,0.43908660341982975,0.22722416505406318,0.14582355465334004,1.475849319154988,-0.08130973300865418,1439086.6034198299,0
v2_selected,current_v2_rank_average_leader,sp500-12m/same_sector_slide1m_noscreen,sp500-12m/same_sector_slide3m_noscreen,recent,2,2023-03-01,2023-03-01,A,v2_sizing_v2_allocator,v2,v2,0.24323817014977522,0.13028200593047612,0.0861013085803554,1.4648984407899828,-0.04671882106843128,1243238.1701497752,0
v2_selected,current_v2_rank_average_leader,sp500-12m/same_sector_slide1m_noscreen,sp500-12m/same_sector_slide3m_noscreen,recent,2,2023-03-01,2023-03-01,A,v1_sizing_v2_allocator,v1,v2,0.41461900430880516,0.21544332278606637,0.14602839174770357,1.4078693263086188,-0.08130973300865396,1414619.004308805,0
v2_selected,current_v2_rank_average_leader,sp500-12m/same_sector_slide1m_noscreen,sp500-12m/same_sector_slide3m_noscreen,recent,2,2023-03-01,2023-03-01,A,v2_sizing_v1_allocator,v2,v1,0.25705445177225505,0.1373304738064618,0.08690643255423187,1.5236956990295998,-0.046718821068430616,1257054.4517722551,0
v2_selected,current_v2_rank_average_leader,sp500-12m/same_sector_slide1m_noscreen,sp500-12m/same_sector_slide3m_noscreen,recent,2,2023-03-01,2023-03-01,B,v1_sizing_v1_allocator,v1,v1,0.43171978625863505,0.22368641918362386,0.14677894625655324,1.4474943736823214,-0.08147813797036707,1431719.786258635,0
v2_selected,current_v2_rank_average_leader,sp500-12m/same_sector_slide1m_noscreen,sp500-12m/same_sector_slide3m_noscreen,recent,2,2023-03-01,2023-03-01,B,v2_sizing_v2_allocator,v2,v2,0.2390704133748922,0.1281490776852272,0.08637031373347327,1.43872454503642,-0.046695340104808025,1239070.4133748922,0
v2_selected,current_v2_rank_average_leader,sp500-12m/same_sector_slide1m_noscreen,sp500-12m/same_sector_slide3m_noscreen,recent,2,2023-03-01,2023-03-01,B,v1_sizing_v2_allocator,v1,v2,0.40606363474367013,0.21130301745829838,0.14670050356198241,1.3787904230054264,-0.08147813795085912,1406063.6347436702,0
v2_selected,current_v2_rank_average_leader,sp500-12m/same_sector_slide1m_noscreen,sp500-12m/same_sector_slide3m_noscreen,recent,2,2023-03-01,2023-03-01,B,v2_sizing_v1_allocator,v2,v1,0.2539959460469683,0.13577308960450796,0.08727228540700482,1.501965022984657,-0.04669534010286969,1253995.9460469682,0
v2_selected,current_v2_rank_average_leader,sp500-12m/same_sector_slide1m_noscreen,sp500-12m/same_sector_slide3m_noscreen,recent,3,2023-04-01,2023-04-01,A,v1_sizing_v1_allocator,v1,v1,0.25306550044377474,0.1416974408071452,0.130399979392698,1.080615592638185,-0.07305176540022718,1253065.5004437747,0
v2_selected,current_v2_rank_average_leader,sp500-12m/same_sector_slide1m_noscreen,sp500-12m/same_sector_slide3m_noscreen,recent,3,2023-04-01,2023-04-01,A,v2_sizing_v2_allocator,v2,v2,0.18520937394034065,0.10496407302106658,0.07356474413615093,1.3932217226894654,-0.03225101145579845,1185209.3739403407,0
v2_selected,current_v2_rank_average_leader,sp500-12m/same_sector_slide1m_noscreen,sp500-12m/same_sector_slide3m_noscreen,recent,3,2023-04-01,2023-04-01,A,v1_sizing_v2_allocator,v1,v2,0.2671848122268825,0.14923670010050394,0.13029352440533032,1.1319376970554529,-0.0627689590559748,1267184.8122268824,0
v2_selected,current_v2_rank_average_leader,sp500-12m/same_sector_slide1m_noscreen,sp500-12m/same_sector_slide3m_noscreen,recent,3,2023-04-01,2023-04-01,A,v2_sizing_v1_allocator,v2,v1,0.1781811946919516,0.10111042900934741,0.07356738957714558,1.345664957054802,-0.03842224607180689,1178181.1946919516,0
v2_selected,current_v2_rank_average_leader,sp500-12m/same_sector_slide1m_noscreen,sp500-12m/same_sector_slide3m_noscreen,recent,3,2023-04-01,2023-04-01,B,v1_sizing_v1_allocator,v1,v1,0.23844939805910803,0.1338558961680969,0.13013282480383823,1.0296028932075265,-0.07518477920743616,1238449.398059108,0
v2_selected,current_v2_rank_average_leader,sp500-12m/same_sector_slide1m_noscreen,sp500-12m/same_sector_slide3m_noscreen,recent,3,2023-04-01,2023-04-01,B,v2_sizing_v2_allocator,v2,v2,0.17699999183321857,0.10046182984834062,0.07347142767029625,1.3393171752774349,-0.034507966538289914,1176999.9918332186,0
v2_selected,current_v2_rank_average_leader,sp500-12m/same_sector_slide1m_noscreen,sp500-12m/same_sector_slide3m_noscreen,recent,3,2023-04-01,2023-04-01,B,v1_sizing_v2_allocator,v1,v2,0.25294291279635095,0.14163182990961287,0.13000695674650975,1.083074127210671,-0.063675395114001,1252942.912796351,0
v2_selected,current_v2_rank_average_leader,sp500-12m/same_sector_slide1m_noscreen,sp500-12m/same_sector_slide3m_noscreen,recent,3,2023-04-01,2023-04-01,B,v2_sizing_v1_allocator,v2,v1,0.1698627216607962,0.09653702192899227,0.07347936348589847,1.290536592807867,-0.040769049703048066,1169862.721660796,0
v2_selected,current_v2_rank_average_leader,sp500-12m/same_sector_slide1m_noscreen,sp500-12m/same_sector_slide3m_noscreen,recent,4,2023-05-01,2023-05-01,A,v1_sizing_v1_allocator,v1,v1,0.1517801320168346,0.09004856396996264,0.11403628556923001,0.8119612844353955,-0.056499690056213026,1151780.1320168346,0
v2_selected,current_v2_rank_average_leader,sp500-12m/same_sector_slide1m_noscreen,sp500-12m/same_sector_slide3m_noscreen,recent,4,2023-05-01,2023-05-01,A,v2_sizing_v2_allocator,v2,v2,0.131308872575022,0.07818580411573417,0.06763610555867809,1.146341916267817,-0.03334928174757634,1131308.872575022,0
v2_selected,current_v2_rank_average_leader,sp500-12m/same_sector_slide1m_noscreen,sp500-12m/same_sector_slide3m_noscreen,recent,4,2023-05-01,2023-05-01,A,v1_sizing_v2_allocator,v1,v2,0.18876948020259632,0.11127691564055664,0.1150131236215949,0.9737963616163997,-0.056499690056213026,1188769.4802025964,0
v2_selected,current_v2_rank_average_leader,sp500-12m/same_sector_slide1m_noscreen,sp500-12m/same_sector_slide3m_noscreen,recent,4,2023-05-01,2023-05-01,A,v2_sizing_v1_allocator,v2,v1,0.11024749942505885,0.06589341339465427,0.06724595497788842,0.9820397297492255,-0.03334928174757634,1110247.499425059,0
v2_selected,current_v2_rank_average_leader,sp500-12m/same_sector_slide1m_noscreen,sp500-12m/same_sector_slide3m_noscreen,recent,4,2023-05-01,2023-05-01,B,v1_sizing_v1_allocator,v1,v1,0.1087827703929618,0.06503516403988097,0.1209352504392654,0.5804108091723857,-0.09075570482528628,1108782.7703929618,0
v2_selected,current_v2_rank_average_leader,sp500-12m/same_sector_slide1m_noscreen,sp500-12m/same_sector_slide3m_noscreen,recent,4,2023-05-01,2023-05-01,B,v2_sizing_v2_allocator,v2,v2,0.10428459273899815,0.06239671629217547,0.07141440660669063,0.8827736436914116,-0.05098576066514093,1104284.5927389981,0
v2_selected,current_v2_rank_average_leader,sp500-12m/same_sector_slide1m_noscreen,sp500-12m/same_sector_slide3m_noscreen,recent,4,2023-05-01,2023-05-01,B,v1_sizing_v2_allocator,v1,v2,0.1407714450063755,0.0836795205407046,0.12140000272227122,0.7216433670139212,-0.09075570482528628,1140771.4450063754,0
v2_selected,current_v2_rank_average_leader,sp500-12m/same_sector_slide1m_noscreen,sp500-12m/same_sector_slide3m_noscreen,recent,4,2023-05-01,2023-05-01,B,v2_sizing_v1_allocator,v2,v1,0.08620381083279982,0.05174872247955786,0.07122991603043954,0.7434268065787939,-0.05098576066514093,1086203.8108327999,0
v2_selected,current_v2_rank_average_leader,sp500-12m/same_sector_slide1m_noscreen,sp500-12m/same_sector_slide3m_noscreen,historical,0,2014-01-01,2014-01-01,A,v1_sizing_v1_allocator,v1,v1,0.30045408189572353,0.0543014717478032,0.08858197534613636,0.6412624864402717,-0.1072825243419242,1300454.0818957235,0
v2_selected,current_v2_rank_average_leader,sp500-12m/same_sector_slide1m_noscreen,sp500-12m/same_sector_slide3m_noscreen,historical,0,2014-01-01,2014-01-01,A,v2_sizing_v2_allocator,v2,v2,0.1893477874356959,0.035518864806450834,0.0466043974580789,0.772238460843904,-0.06097643233792527,1189347.787435696,0
v2_selected,current_v2_rank_average_leader,sp500-12m/same_sector_slide1m_noscreen,sp500-12m/same_sector_slide3m_noscreen,historical,0,2014-01-01,2014-01-01,A,v1_sizing_v2_allocator,v1,v2,0.30502568262888374,0.05504641886120587,0.0871530235147616,0.6584514126039762,-0.10574548634303116,1305025.6826288837,0
v2_selected,current_v2_rank_average_leader,sp500-12m/same_sector_slide1m_noscreen,sp500-12m/same_sector_slide3m_noscreen,historical,0,2014-01-01,2014-01-01,A,v2_sizing_v1_allocator,v2,v1,0.1909257284202328,0.03579524449839688,0.04718167518494136,0.7690172734223696,-0.06248494024514839,1190925.728420233,0
v2_selected,current_v2_rank_average_leader,sp500-12m/same_sector_slide1m_noscreen,sp500-12m/same_sector_slide3m_noscreen,historical,0,2014-01-01,2014-01-01,B,v1_sizing_v1_allocator,v1,v1,0.31574435989530136,0.056784900229516655,0.0876455659471579,0.6740184743806763,-0.09769184172301482,1315744.3598953013,0
v2_selected,current_v2_rank_average_leader,sp500-12m/same_sector_slide1m_noscreen,sp500-12m/same_sector_slide3m_noscreen,historical,0,2014-01-01,2014-01-01,B,v2_sizing_v2_allocator,v2,v2,0.1955495187612626,0.03660343034111846,0.04624106297235773,0.8005818286741406,-0.06103728338503123,1195549.5187612625,0
v2_selected,current_v2_rank_average_leader,sp500-12m/same_sector_slide1m_noscreen,sp500-12m/same_sector_slide3m_noscreen,historical,0,2014-01-01,2014-01-01,B,v1_sizing_v2_allocator,v1,v2,0.32003243006928295,0.05747722307630454,0.08621930658911926,0.6913352089759974,-0.1058385995815917,1320032.430069283,0
v2_selected,current_v2_rank_average_leader,sp500-12m/same_sector_slide1m_noscreen,sp500-12m/same_sector_slide3m_noscreen,historical,0,2014-01-01,2014-01-01,B,v2_sizing_v1_allocator,v2,v1,0.1971085848015497,0.0368753745019208,0.046808731672473895,0.7970386542824665,-0.05745497412151568,1197108.5848015498,0
