mechanism,direction,day_rank,date,mean_v1_total_return,mean_v2_total_return,mean_return_difference,coverage_starts,trade_rank,leg,pair,fold_id,entry_date,exit_date,exit_reason,mean_v1_trade_day_pnl,mean_v2_trade_day_pnl,mean_trade_difference
A,v1_outperformed,1,2025-04-09,0.06250465410959335,0.039288932716105264,0.02321572139348809,5,1,A,CME-MA,12,2025-04-04,2025-04-09,signal,6147.1653271589,500.37892239018,5646.78640476872
A,v1_outperformed,1,2025-04-09,0.06250465410959335,0.039288932716105264,0.02321572139348809,5,2,A,CME-MA,10,2025-04-04,2025-04-09,signal,6046.549371231189,502.59827238711694,5543.9510988440725
A,v1_outperformed,1,2025-04-09,0.06250465410959335,0.039288932716105264,0.02321572139348809,5,3,A,IVZ-MET,12,2025-04-04,2025-04-09,signal,5938.7864997969355,505.4987082610729,5433.287791535862
A,v1_outperformed,1,2025-04-09,0.06250465410959335,0.039288932716105264,0.02321572139348809,5,4,A,CME-MA,13,2025-04-04,2025-04-09,signal,5923.942418805269,498.2196540439981,5425.722764761271
A,v1_outperformed,1,2025-04-09,0.06250465410959335,0.039288932716105264,0.02321572139348809,5,5,A,IVZ-MET,10,2025-04-04,2025-04-09,signal,5841.581259832481,507.7407662423962,5333.840493590084
A,v1_outperformed,2,2024-01-05,0.021754160867188056,0.005837365228662852,0.015916795638525202,1,1,A,ELV-KEY,0,2024-01-02,2024-01-17,max_holding_loss,6362.37107849121,1608.4633808135986,4753.907697677611
A,v1_outperformed,2,2024-01-05,0.021754160867188056,0.005837365228662852,0.015916795638525202,1,2,A,ELV-TFC,0,2024-01-02,2024-01-17,max_holding_loss,5306.905641555786,1491.4236469268797,3815.4819946289062
A,v1_outperformed,2,2024-01-05,0.021754160867188056,0.005837365228662852,0.015916795638525202,1,3,A,ELV-USB,0,2024-01-02,2024-01-17,stop_loss,4901.754426956176,1382.8961410522463,3518.8582859039298
A,v1_outperformed,2,2024-01-05,0.021754160867188056,0.005837365228662852,0.015916795638525202,1,4,A,ELV-HBAN,0,2024-01-02,2024-01-17,max_holding_loss,5039.342926979065,1722.4776196479797,3316.865307331085
A,v1_outperformed,2,2024-01-05,0.021754160867188056,0.005837365228662852,0.015916795638525202,1,5,A,FFIV-IBM,0,2024-01-04,2024-01-09,signal,1082.2715530395508,542.765022277832,539.5065307617188
A,v1_outperformed,3,2025-05-02,0.014064596172206914,0.002615765878689425,0.01144883029351749,5,1,A,LII-MSI,10,2025-04-23,2025-05-02,signal,6612.124298311286,445.90042060049706,6166.223877710789
A,v1_outperformed,3,2025-05-02,0.014064596172206914,0.002615765878689425,0.01144883029351749,5,2,A,LII-MSI,13,2025-04-23,2025-05-02,signal,6600.100316254535,442.97359313254105,6157.126723121994
A,v1_outperformed,3,2025-05-02,0.014064596172206914,0.002615765878689425,0.01144883029351749,5,3,A,LII-MSI,12,2025-04-23,2025-05-02,signal,6657.403752541552,1343.2174314699378,5314.186321071615
A,v1_outperformed,3,2025-05-02,0.014064596172206914,0.002615765878689425,0.01144883029351749,5,4,A,LII-MSI,11,2025-04-23,2025-05-02,signal,6602.390126906344,1344.2019246043785,5258.188202301965
A,v1_outperformed,3,2025-05-02,0.014064596172206914,0.002615765878689425,0.01144883029351749,5,5,A,LII-MSI,14,2025-04-23,2025-05-02,signal,6424.475600152713,1319.9544838696916,5104.521116283021
A,v1_outperformed,4,2024-01-12,0.014909544429173461,0.004764650571551614,0.010144893857621847,1,1,A,ELV-KEY,0,2024-01-02,2024-01-17,max_holding_loss,3920.2967376708984,990.9778537750245,2929.318883895874
A,v1_outperformed,4,2024-01-12,0.014909544429173461,0.004764650571551614,0.010144893857621847,1,2,A,ELV-USB,0,2024-01-02,2024-01-17,stop_loss,2867.182331085205,808.7645111083983,2058.4178199768066
A,v1_outperformed,4,2024-01-12,0.014909544429173461,0.004764650571551614,0.010144893857621847,1,3,A,ELV-TFC,0,2024-01-02,2024-01-17,max_holding_loss,2795.6948585510254,784.5586280822754,2011.13623046875
A,v1_outperformed,4,2024-01-12,0.014909544429173461,0.004764650571551614,0.010144893857621847,1,4,A,ELV-SRE,0,2024-01-11,2024-01-12,signal,2725.8435478210376,1393.34017944335,1332.5033683776876
A,v1_outperformed,4,2024-01-12,0.014909544429173461,0.004764650571551614,0.010144893857621847,1,5,A,ELV-HBAN,0,2024-01-02,2024-01-17,max_holding_loss,1666.0242872238157,568.3614287376403,1097.6628584861755
A,v1_outperformed,5,2025-02-26,0.018074458122054576,0.00890432896765575,0.009170129154398826,5,1,A,INTU-VTRS,10,2025-02-21,2025-02-26,signal,13486.585405562118,5872.768407387689,7613.8169981744295
A,v1_outperformed,5,2025-02-26,0.018074458122054576,0.00890432896765575,0.009170129154398826,5,2,A,INTU-VTRS,8,2025-02-21,2025-02-26,signal,13368.356058510706,5910.067180921508,7458.288877589198
A,v1_outperformed,5,2025-02-26,0.018074458122054576,0.00890432896765575,0.009170129154398826,5,3,A,INTU-VTRS,9,2025-02-21,2025-02-26,signal,13229.80739584858,5920.931761181183,7308.875634667397
A,v1_outperformed,5,2025-02-26,0.018074458122054576,0.00890432896765575,0.009170129154398826,5,4,A,INTU-VTRS,11,2025-02-21,2025-02-26,signal,13097.283535217171,5858.578885021609,7238.704650195563
A,v1_outperformed,5,2025-02-26,0.018074458122054576,0.00890432896765575,0.009170129154398826,5,5,A,INTU-VTRS,12,2025-02-21,2025-02-26,signal,12784.803047454849,5803.146422490142,6981.656624964707
A,v1_outperformed,6,2024-01-25,0.015263322927374524,0.006693433734031234,0.00856988919334329,1,1,B,TYL-UHS,0,2024-01-22,2024-01-31,signal,7014.027297973633,2872.7494049072266,4141.277893066406
A,v1_outperformed,6,2024-01-25,0.015263322927374524,0.006693433734031234,0.00856988919334329,1,2,A,ATO-HPQ,0,2024-01-24,2024-01-25,signal,4942.85451984405,1875.93358802795,3066.9209318160997
A,v1_outperformed,6,2024-01-25,0.015263322927374524,0.006693433734031234,0.00856988919334329,1,3,B,TYL-WBD,0,2024-01-11,2024-01-29,max_holding_loss,3722.9173574447636,2356.5114917755127,1366.405865669251
A,v1_outperformed,6,2024-01-25,0.015263322927374524,0.006693433734031234,0.00856988919334329,1,4,B,TYL-UDR,0,2024-01-24,2024-02-07,stop_loss,471.5019664764404,339.1404113769531,132.36155509948725
A,v1_outperformed,6,2024-01-25,0.015263322927374524,0.006693433734031234,0.00856988919334329,1,5,A,MCHP-TEL,0,2024-01-24,2024-02-08,max_holding_loss,-1441.984504699707,-842.2022094726562,-599.7822952270508
A,v1_outperformed,7,2025-06-23,0.01195919639309971,0.003754534019156864,0.008204662373942847,5,1,A,CF-FIX,12,2025-06-13,2025-06-23,signal,5886.506351974894,1152.9978782192973,4733.508473755596
A,v1_outperformed,7,2025-06-23,0.01195919639309971,0.003754534019156864,0.008204662373942847,5,2,A,CF-FIX,15,2025-06-13,2025-06-23,signal,5688.504911356925,1130.061244075583,4558.443667281342
A,v1_outperformed,7,2025-06-23,0.01195919639309971,0.003754534019156864,0.008204662373942847,5,3,A,CF-FIX,13,2025-06-13,2025-06-23,signal,6097.759348980011,1980.2956939723413,4117.46365500767
A,v1_outperformed,7,2025-06-23,0.01195919639309971,0.003754534019156864,0.008204662373942847,5,4,A,CF-FIX,11,2025-06-13,2025-06-23,signal,5970.233212488717,1946.7065597908884,4023.5266526978285
A,v1_outperformed,7,2025-06-23,0.01195919639309971,0.003754534019156864,0.008204662373942847,5,5,A,CF-FIX,14,2025-06-13,2025-06-23,signal,5849.173736328979,1929.7469212093918,3919.4268151195874
A,v1_outperformed,8,2025-04-04,-0.015372771090748433,-0.023376689717102366,0.008003918626353934,5,1,B,ERIE-OKE,4,2025-04-03,2025-04-04,stop_loss,-3567.339912392122,-28543.768706656265,24976.428794264142
A,v1_outperformed,8,2025-04-04,-0.015372771090748433,-0.023376689717102366,0.008003918626353934,5,2,B,AMAT-TRGP,3,2025-04-03,2025-04-04,stop_loss,-2422.74208767452,-16275.339919741316,13852.597832066796
A,v1_outperformed,8,2025-04-04,-0.015372771090748433,-0.023376689717102366,0.008003918626353934,5,3,B,AMAT-TRGP,4,2025-04-03,2025-04-04,stop_loss,-2373.615717302504,-16133.549734958935,13759.934017656431
A,v1_outperformed,8,2025-04-04,-0.015372771090748433,-0.023376689717102366,0.008003918626353934,5,4,B,ERIE-WTW,4,2025-04-03,2025-04-04,stop_loss,-1686.0195217623477,-12316.818043349971,10630.798521587623
A,v1_outperformed,8,2025-04-04,-0.015372771090748433,-0.023376689717102366,0.008003918626353934,5,5,B,LRCX-VLO,3,2025-04-03,2025-04-15,stop_loss,-1293.278697132094,-8054.612288011892,6761.333590879798
A,v1_outperformed,9,2025-07-31,0.012766826017687995,0.005821888647516086,0.00694493737017191,5,1,A,GLW-META,16,2025-07-29,2025-08-21,max_holding_loss,8571.45675759656,3358.2849556975484,5213.1718018990105
A,v1_outperformed,9,2025-07-31,0.012766826017687995,0.005821888647516086,0.00694493737017191,5,2,A,GLW-META,14,2025-07-29,2025-08-21,max_holding_loss,8366.62970761014,3303.0426647625413,5063.587042847599
A,v1_outperformed,9,2025-07-31,0.012766826017687995,0.005821888647516086,0.00694493737017191,5,3,A,GLW-META,17,2025-07-29,2025-08-21,max_holding_loss,8196.978075324309,3274.2666740864456,4922.711401237862
A,v1_outperformed,9,2025-07-31,0.012766826017687995,0.005821888647516086,0.00694493737017191,5,4,A,GLW-META,15,2025-07-29,2025-08-21,max_holding_loss,8259.623209024496,3490.0655495586757,4769.55765946582
A,v1_outperformed,9,2025-07-31,0.012766826017687995,0.005821888647516086,0.00694493737017191,5,5,A,GLW-META,18,2025-07-29,2025-08-21,max_holding_loss,7981.798435455743,3420.637532248322,4561.160903207421
A,v1_outperformed,10,2025-06-13,0.011614755057418182,0.004899771812699169,0.006714983244719014,5,1,A,CF-PYPL,16,2025-06-04,2025-06-13,signal,9414.232355307973,2599.648935333783,6814.58341997419
A,v1_outperformed,10,2025-06-13,0.011614755057418182,0.004899771812699169,0.006714983244719014,5,2,A,CF-PYPL,13,2025-06-04,2025-06-13,signal,9916.723609686112,3603.9919702313837,6312.73163945473
A,v1_outperformed,10,2025-06-13,0.011614755057418182,0.004899771812699169,0.006714983244719014,5,3,A,CF-PYPL,12,2025-06-04,2025-06-13,signal,9811.19845861286,3565.356915108762,6245.841543504099
A,v1_outperformed,10,2025-06-13,0.011614755057418182,0.004899771812699169,0.006714983244719014,5,4,A,CF-PYPL,15,2025-06-04,2025-06-13,signal,9547.182372413648,3519.46723282047,6027.715139593178
A,v1_outperformed,10,2025-06-13,0.011614755057418182,0.004899771812699169,0.006714983244719014,5,5,A,CF-PYPL,11,2025-06-04,2025-06-13,signal,9880.480645368465,4478.300324074463,5402.180321294002
A,v2_outperformed,1,2024-01-03,-0.03184841246509552,-0.010470585195541383,-0.021377827269554135,1,1,A,ELV-WAT,0,2024-01-02,2024-01-03,stop_loss,-9270.2812347412,-3768.6208648681627,-5501.660369873038
A,v2_outperformed,1,2024-01-03,-0.03184841246509552,-0.010470585195541383,-0.021377827269554135,1,2,A,ELV-KEY,0,2024-01-02,2024-01-17,max_holding_loss,-4959.386463165283,-1253.8297457695005,-3705.5567173957825
A,v2_outperformed,1,2024-01-03,-0.03184841246509552,-0.010470585195541383,-0.021377827269554135,1,3,A,ELV-TFC,0,2024-01-02,2024-01-17,max_holding_loss,-4439.0851192474365,-1248.1087551116943,-3190.976364135742
A,v2_outperformed,1,2024-01-03,-0.03184841246509552,-0.010470585195541383,-0.021377827269554135,1,4,A,ELV-USB,0,2024-01-02,2024-01-17,stop_loss,-4404.144853591919,-1242.5898818969727,-3161.5549716949463
A,v2_outperformed,1,2024-01-03,-0.03184841246509552,-0.010470585195541383,-0.021377827269554135,1,5,A,ELV-NTRS,0,2024-01-02,2024-01-04,stop_loss,-4231.386657714844,-1418.452178955078,-2812.9344787597656
A,v2_outperformed,2,2024-01-09,-0.015210543213178211,-0.004776359913225198,-0.010434183299953013,1,1,A,ELV-USB,0,2024-01-02,2024-01-17,stop_loss,-3541.4232845306396,-999.1245040893555,-2542.298780441284
A,v2_outperformed,2,2024-01-09,-0.015210543213178211,-0.004776359913225198,-0.010434183299953013,1,2,A,ELV-KEY,0,2024-01-02,2024-01-17,max_holding_loss,-3401.676685333252,-859.9580416679382,-2541.7186436653137
A,v2_outperformed,2,2024-01-09,-0.015210543213178211,-0.004776359913225198,-0.010434183299953013,1,3,A,ELV-TFC,0,2024-01-02,2024-01-17,max_holding_loss,-3193.610885620117,-897.4432983398438,-2296.1675872802734
A,v2_outperformed,2,2024-01-09,-0.015210543213178211,-0.004776359913225198,-0.010434183299953013,1,4,A,ELV-HBAN,0,2024-01-02,2024-01-17,max_holding_loss,-3448.414542198181,-1178.7086100578308,-2269.7059321403503
A,v2_outperformed,2,2024-01-09,-0.015210543213178211,-0.004776359913225198,-0.010434183299953013,1,5,B,TYL-VTR,0,2024-01-08,2024-01-10,guard_trip,-649.87255859375,-309.2822265625,-340.59033203125
A,v2_outperformed,3,2024-01-17,-0.016135530260969172,-0.0057554040964314926,-0.010380126164537679,1,1,A,ELV-USB,0,2024-01-02,2024-01-17,stop_loss,-3473.1702098846417,-979.877647399896,-2493.2925624847458
A,v2_outperformed,3,2024-01-17,-0.016135530260969172,-0.0057554040964314926,-0.010380126164537679,1,2,A,ELV-TFC,0,2024-01-02,2024-01-17,max_holding_loss,-3220.1072750091457,-904.9827480316135,-2315.1245269775322
A,v2_outperformed,3,2024-01-17,-0.016135530260969172,-0.0057554040964314926,-0.010380126164537679,1,3,A,ELV-KEY,0,2024-01-02,2024-01-17,max_holding_loss,-2867.3210792541395,-724.8671240806549,-2142.4539551734847
A,v2_outperformed,3,2024-01-17,-0.016135530260969172,-0.0057554040964314926,-0.010380126164537679,1,4,A,CMS-SYY,0,2024-01-11,2024-01-24,stop_loss,-2070.152763366699,-910.9179611206055,-1159.2348022460938
A,v2_outperformed,3,2024-01-17,-0.016135530260969172,-0.0057554040964314926,-0.010380126164537679,1,5,A,ELV-HBAN,0,2024-01-02,2024-01-17,max_holding_loss,-1518.0770196914646,-518.6176152229269,-999.4594044685376
A,v2_outperformed,4,2024-10-31,-0.02163775878298193,-0.011764310349782054,-0.009873448433199875,5,1,A,ETR-FE,5,2024-10-30,2024-10-31,stop_loss,-7278.683045649678,-2504.7737819238355,-4773.909263725843
A,v2_outperformed,4,2024-10-31,-0.02163775878298193,-0.011764310349782054,-0.009873448433199875,5,2,A,MET-PNR,6,2024-10-25,2024-10-31,stop_loss,-5233.794729025644,-1278.5021185370815,-3955.292610488563
A,v2_outperformed,4,2024-10-31,-0.02163775878298193,-0.011764310349782054,-0.009873448433199875,5,3,A,MET-PNR,4,2024-10-25,2024-10-31,stop_loss,-5170.343691596938,-2303.3945234803323,-2866.9491681166055
A,v2_outperformed,4,2024-10-31,-0.02163775878298193,-0.011764310349782054,-0.009873448433199875,5,4,A,MET-PNR,5,2024-10-25,2024-10-31,stop_loss,-5133.51790705363,-2309.4996731694882,-2824.0182338841414
A,v2_outperformed,4,2024-10-31,-0.02163775878298193,-0.011764310349782054,-0.009873448433199875,5,5,A,MET-PNR,7,2024-10-25,2024-10-31,stop_loss,-5065.503716994663,-2283.3274319995876,-2782.176284995075
A,v2_outperformed,5,2024-01-11,-0.009965855109763574,-0.0024456604043599705,-0.007520194705403604,1,1,A,ELV-USB,0,2024-01-02,2024-01-17,stop_loss,-3025.4404563903813,-853.5726470947264,-2171.8678092956548
A,v2_outperformed,5,2024-01-11,-0.009965855109763574,-0.0024456604043599705,-0.007520194705403604,1,2,A,ELV-HBAN,0,2024-01-02,2024-01-17,max_holding_loss,-3080.438352584839,-1053.0825719833374,-2027.3557806015015
A,v2_outperformed,5,2024-01-11,-0.009965855109763574,-0.0024456604043599705,-0.007520194705403604,1,3,A,ELV-TFC,0,2024-01-02,2024-01-17,max_holding_loss,-2679.907154083252,-753.2333869934082,-1926.6737670898438
A,v2_outperformed,5,2024-01-11,-0.009965855109763574,-0.0024456604043599705,-0.007520194705403604,1,4,A,ELV-KEY,0,2024-01-02,2024-01-17,max_holding_loss,-2195.5295219421387,-555.038731098175,-1640.4907908439636
A,v2_outperformed,5,2024-01-11,-0.009965855109763574,-0.0024456604043599705,-0.007520194705403604,1,5,B,TYL-VRTX,0,2024-01-04,2024-01-16,stop_loss,-714.3538818359375,-460.6210632324219,-253.73281860351562
A,v2_outperformed,6,2024-10-30,-0.015135807911309796,-0.007660525423421239,-0.007475282487888556,5,1,A,AVY-SW,6,2024-10-23,2024-10-31,stop_loss,-8329.69416027881,-1851.8054207979674,-6477.888739480843
A,v2_outperformed,6,2024-10-30,-0.015135807911309796,-0.007660525423421239,-0.007475282487888556,5,2,A,AVY-SW,4,2024-10-23,2024-10-31,stop_loss,-8228.710502474576,-3336.2779794983317,-4892.432522976244
A,v2_outperformed,6,2024-10-30,-0.015135807911309796,-0.007660525423421239,-0.007475282487888556,5,3,A,AVY-SW,5,2024-10-23,2024-10-31,stop_loss,-8170.101493459201,-3345.120787910803,-4824.980705548398
A,v2_outperformed,6,2024-10-30,-0.015135807911309796,-0.007660525423421239,-0.007475282487888556,5,4,A,AVY-SW,7,2024-10-23,2024-10-31,stop_loss,-8061.855482470586,-3307.2124439431677,-4754.643038527418
A,v2_outperformed,6,2024-10-30,-0.015135807911309796,-0.007660525423421239,-0.007475282487888556,5,5,A,AVY-SW,8,2024-10-23,2024-10-31,stop_loss,-7895.287916615492,-3278.5761626966287,-4616.711753918863
A,v2_outperformed,7,2025-06-10,-0.010952726548463396,-0.004639361878987588,-0.006313364669475807,5,1,A,CSGP-NTAP,14,2025-06-03,2025-06-11,stop_loss,-2616.1104495995646,-601.1755030729083,-2014.9349465266564
A,v2_outperformed,7,2025-06-10,-0.010952726548463396,-0.004639361878987588,-0.006313364669475807,5,2,A,CSGP-NTAP,17,2025-06-03,2025-06-11,stop_loss,-2528.1136639233455,-589.2162941006919,-1938.8973698226537
A,v2_outperformed,7,2025-06-10,-0.010952726548463396,-0.004639361878987588,-0.006313364669475807,5,3,A,CSGP-NTAP,15,2025-06-03,2025-06-11,stop_loss,-2709.9965579172595,-1032.5303129747003,-1677.4662449425591
A,v2_outperformed,7,2025-06-10,-0.010952726548463396,-0.004639361878987588,-0.006313364669475807,5,4,A,CSGP-NTAP,13,2025-06-03,2025-06-11,stop_loss,-2653.320757650773,-1015.0168682227423,-1638.3038894280307
A,v2_outperformed,7,2025-06-10,-0.010952726548463396,-0.004639361878987588,-0.006313364669475807,5,5,A,CSGP-NTAP,16,2025-06-03,2025-06-11,stop_loss,-2599.518902752869,-1006.1740772265331,-1593.344825526336
A,v2_outperformed,8,2025-01-21,-0.010421877430707873,-0.004955280885873124,-0.005466596544834749,5,1,A,SYK-USB,10,2025-01-16,2025-01-31,max_holding_loss,-2038.6999463071295,-807.6058048029075,-1231.094141504222
A,v2_outperformed,8,2025-01-21,-0.010421877430707873,-0.004955280885873124,-0.005466596544834749,5,2,A,SYK-USB,8,2025-01-16,2025-01-31,max_holding_loss,-2022.6698757571698,-813.416919507442,-1209.252956249728
A,v2_outperformed,8,2025-01-21,-0.010421877430707873,-0.004955280885873124,-0.005466596544834749,5,3,A,SYK-USB,9,2025-01-16,2025-01-31,max_holding_loss,-2000.92195418239,-814.7742877248672,-1186.1476664575227
A,v2_outperformed,8,2025-01-21,-0.010421877430707873,-0.004955280885873124,-0.005466596544834749,5,4,A,SYK-USB,11,2025-01-16,2025-01-31,max_holding_loss,-1981.6558404777709,-806.330460122211,-1175.32538035556
A,v2_outperformed,8,2025-01-21,-0.010421877430707873,-0.004955280885873124,-0.005466596544834749,5,5,A,SYK-USB,12,2025-01-16,2025-01-31,max_holding_loss,-1933.617953166696,-798.5659493573135,-1135.0520038093825
A,v2_outperformed,9,2025-10-21,-0.005806262058182755,-0.0005339849450974938,-0.005272277113085261,5,1,A,KO-WST,19,2025-10-17,2025-10-21,stop_loss,-10713.238767277893,-2622.4498202838367,-8090.7889469940565
A,v2_outperformed,9,2025-10-21,-0.005806262058182755,-0.0005339849450974938,-0.005272277113085261,5,2,A,KO-WST,17,2025-10-17,2025-10-21,stop_loss,-10459.191913317512,-2578.754919246856,-7880.4369940706565
A,v2_outperformed,9,2025-10-21,-0.005806262058182755,-0.0005339849450974938,-0.005272277113085261,5,3,A,KO-WST,20,2025-10-17,2025-10-21,stop_loss,-10247.109026600154,-2556.288897749818,-7690.820128850336
A,v2_outperformed,9,2025-10-21,-0.005806262058182755,-0.0005339849450974938,-0.005272277113085261,5,4,A,KO-WST,18,2025-10-17,2025-10-21,stop_loss,-10311.944021067253,-2723.169862213873,-7588.77415885338
A,v2_outperformed,9,2025-10-21,-0.005806262058182755,-0.0005339849450974938,-0.005272277113085261,5,5,A,KO-WST,21,2025-10-17,2025-10-21,stop_loss,-9965.086369064868,-2668.997732307394,-7296.088636757473
A,v2_outperformed,10,2024-02-15,-0.010576368332723572,-0.0055919584309270295,-0.004984409901796542,2,1,A,EQIX-MCO,0,2024-02-13,2024-02-15,stop_loss,-7539.861755371093,-2946.9132385253843,-4592.948516845709
A,v2_outperformed,10,2024-02-15,-0.010576368332723572,-0.0055919584309270295,-0.004984409901796542,2,2,A,CME-FANG,0,2024-02-12,2024-02-15,stop_loss,-7872.506698608395,-5115.9490509033185,-2756.5576477050763
A,v2_outperformed,10,2024-02-15,-0.010576368332723572,-0.0055919584309270295,-0.004984409901796542,2,3,A,FFIV-IBM,0,2024-01-25,2024-02-16,max_holding_loss,-2699.0116424560547,-1312.5496673583982,-1386.4619750976565
A,v2_outperformed,10,2024-02-15,-0.010576368332723572,-0.0055919584309270295,-0.004984409901796542,2,4,A,EQIX-SNA,0,2024-02-08,2024-02-23,max_holding_loss,-2838.1444091796875,-1482.9875488281252,-1355.1568603515623
A,v2_outperformed,10,2024-02-15,-0.010576368332723572,-0.0055919584309270295,-0.004984409901796542,2,5,A,EQIX-MCO,1,2024-02-13,2024-02-15,stop_loss,-738.8116218907812,-292.4965624776778,-446.3150594131034
B,v1_outperformed,1,2025-04-09,0.06279830542215366,0.03944258758425749,0.02335571783789616,5,1,A,CME-MA,10,2025-04-04,2025-04-09,signal,6151.204948805793,506.6857492326689,5644.519199573124
B,v1_outperformed,1,2025-04-09,0.06279830542215366,0.03944258758425749,0.02335571783789616,5,2,A,CME-MA,12,2025-04-04,2025-04-09,signal,6110.442796423743,499.7110539467553,5610.731742476988
B,v1_outperformed,1,2025-04-09,0.06279830542215366,0.03944258758425749,0.02335571783789616,5,3,A,CME-MA,13,2025-04-04,2025-04-09,signal,5975.965295101065,500.2145040182837,5475.750791082781
B,v1_outperformed,1,2025-04-09,0.06279830542215366,0.03944258758425749,0.02335571783789616,5,4,A,IVZ-MET,10,2025-04-04,2025-04-09,signal,5942.689184892269,511.870065405526,5430.819119486743
B,v1_outperformed,1,2025-04-09,0.06279830542215366,0.03944258758425749,0.02335571783789616,5,5,A,IVZ-MET,12,2025-04-04,2025-04-09,signal,5903.308802653376,504.82400630954623,5398.48479634383
B,v1_outperformed,2,2024-01-05,0.021754160867188056,0.005837365228662852,0.015916795638525202,1,1,A,ELV-KEY,0,2024-01-02,2024-01-17,max_holding_loss,6362.37107849121,1608.4633808135986,4753.907697677611
B,v1_outperformed,2,2024-01-05,0.021754160867188056,0.005837365228662852,0.015916795638525202,1,2,A,ELV-TFC,0,2024-01-02,2024-01-17,max_holding_loss,5306.905641555786,1491.4236469268797,3815.4819946289062
B,v1_outperformed,2,2024-01-05,0.021754160867188056,0.005837365228662852,0.015916795638525202,1,3,A,ELV-USB,0,2024-01-02,2024-01-17,stop_loss,4901.754426956176,1382.8961410522463,3518.8582859039298
B,v1_outperformed,2,2024-01-05,0.021754160867188056,0.005837365228662852,0.015916795638525202,1,4,A,ELV-HBAN,0,2024-01-02,2024-01-17,max_holding_loss,5039.342926979065,1722.4776196479797,3316.865307331085
B,v1_outperformed,2,2024-01-05,0.021754160867188056,0.005837365228662852,0.015916795638525202,1,5,A,FFIV-IBM,0,2024-01-04,2024-01-09,signal,1082.2715530395508,542.765022277832,539.5065307617188
B,v1_outperformed,3,2025-05-02,0.014112410353646266,0.002613421762780893,0.011498988590865374,5,1,A,LII-MSI,10,2025-04-23,2025-05-02,signal,6726.569024542626,449.5267912920831,6277.042233250542
B,v1_outperformed,3,2025-05-02,0.014112410353646266,0.002613421762780893,0.011498988590865374,5,2,A,LII-MSI,13,2025-04-23,2025-05-02,signal,6595.653102583632,442.79148765893353,6152.861614924698
B,v1_outperformed,3,2025-05-02,0.014112410353646266,0.002613421762780893,0.011498988590865374,5,3,A,LII-MSI,12,2025-04-23,2025-05-02,signal,6634.873777756355,1341.399822259249,5293.473955497106
B,v1_outperformed,3,2025-05-02,0.014112410353646266,0.002613421762780893,0.011498988590865374,5,4,A,LII-MSI,11,2025-04-23,2025-05-02,signal,6624.143374432509,1343.6870944166112,5280.456280015897
B,v1_outperformed,3,2025-05-02,0.014112410353646266,0.002613421762780893,0.011498988590865374,5,5,A,LII-MSI,14,2025-04-23,2025-05-02,signal,6427.813787358269,1321.1115916213337,5106.702195736935
B,v1_outperformed,4,2024-01-12,0.014909544429173461,0.004764650571551614,0.010144893857621847,1,1,A,ELV-KEY,0,2024-01-02,2024-01-17,max_holding_loss,3920.2967376708984,990.9778537750245,2929.318883895874
B,v1_outperformed,4,2024-01-12,0.014909544429173461,0.004764650571551614,0.010144893857621847,1,2,A,ELV-USB,0,2024-01-02,2024-01-17,stop_loss,2867.182331085205,808.7645111083983,2058.4178199768066
B,v1_outperformed,4,2024-01-12,0.014909544429173461,0.004764650571551614,0.010144893857621847,1,3,A,ELV-TFC,0,2024-01-02,2024-01-17,max_holding_loss,2795.6948585510254,784.5586280822754,2011.13623046875
B,v1_outperformed,4,2024-01-12,0.014909544429173461,0.004764650571551614,0.010144893857621847,1,4,A,ELV-SRE,0,2024-01-11,2024-01-12,signal,2725.8435478210376,1393.34017944335,1332.5033683776876
B,v1_outperformed,4,2024-01-12,0.014909544429173461,0.004764650571551614,0.010144893857621847,1,5,A,ELV-HBAN,0,2024-01-02,2024-01-17,max_holding_loss,1666.0242872238157,568.3614287376403,1097.6628584861755
B,v1_outperformed,5,2025-02-26,0.017797663426361954,0.008841264497895912,0.008956398928466044,5,1,A,INTU-VTRS,8,2025-02-21,2025-02-26,signal,13187.187678043121,5870.276462205234,7316.9112158378875
B,v1_outperformed,5,2025-02-26,0.017797663426361954,0.008841264497895912,0.008956398928466044,5,2,A,INTU-VTRS,10,2025-02-21,2025-02-26,signal,13099.177296695429,5787.14773054873,7312.029566146699
B,v1_outperformed,5,2025-02-26,0.017797663426361954,0.008841264497895912,0.008956398928466044,5,3,A,INTU-VTRS,9,2025-02-21,2025-02-26,signal,12973.672743024807,5858.7024014325,7114.970341592307
B,v1_outperformed,5,2025-02-26,0.017797663426361954,0.008841264497895912,0.008956398928466044,5,4,A,INTU-VTRS,11,2025-02-21,2025-02-26,signal,12811.502230725002,5795.302972388971,7016.199258336031
B,v1_outperformed,5,2025-02-26,0.017797663426361954,0.008841264497895912,0.008956398928466044,5,5,A,INTU-VTRS,12,2025-02-21,2025-02-26,signal,12574.146224020156,5755.5603272728185,6818.585896747338
B,v1_outperformed,6,2024-01-25,0.015263322927374524,0.006693433734031234,0.00856988919334329,1,1,B,TYL-UHS,0,2024-01-22,2024-01-31,signal,7014.027297973633,2872.7494049072266,4141.277893066406
B,v1_outperformed,6,2024-01-25,0.015263322927374524,0.006693433734031234,0.00856988919334329,1,2,A,ATO-HPQ,0,2024-01-24,2024-01-25,signal,4942.85451984405,1875.93358802795,3066.9209318160997
B,v1_outperformed,6,2024-01-25,0.015263322927374524,0.006693433734031234,0.00856988919334329,1,3,B,TYL-WBD,0,2024-01-11,2024-01-29,max_holding_loss,3722.9173574447636,2356.5114917755127,1366.405865669251
B,v1_outperformed,6,2024-01-25,0.015263322927374524,0.006693433734031234,0.00856988919334329,1,4,B,TYL-UDR,0,2024-01-24,2024-02-07,stop_loss,471.5019664764404,339.1404113769531,132.36155509948725
B,v1_outperformed,6,2024-01-25,0.015263322927374524,0.006693433734031234,0.00856988919334329,1,5,A,MCHP-TEL,0,2024-01-24,2024-02-08,max_holding_loss,-1441.984504699707,-842.2022094726562,-599.7822952270508
B,v1_outperformed,7,2025-04-04,-0.015486961726983545,-0.02350297843571054,0.008016016708726998,5,1,B,ERIE-OKE,4,2025-04-03,2025-04-04,stop_loss,-3546.0289922194065,-28505.670614345494,24959.641622126088
B,v1_outperformed,7,2025-04-04,-0.015486961726983545,-0.02350297843571054,0.008016016708726998,5,2,B,AMAT-TRGP,3,2025-04-03,2025-04-04,stop_loss,-2465.300177116251,-16482.94632699009,14017.64614987384
B,v1_outperformed,7,2025-04-04,-0.015486961726983545,-0.02350297843571054,0.008016016708726998,5,3,B,AMAT-TRGP,4,2025-04-03,2025-04-04,stop_loss,-2395.0670553776054,-16272.430861816265,13877.36380643866
B,v1_outperformed,7,2025-04-04,-0.015486961726983545,-0.02350297843571054,0.008016016708726998,5,4,B,ERIE-WTW,4,2025-04-03,2025-04-04,stop_loss,-1675.9474152851647,-12300.378473802833,10624.431058517668
B,v1_outperformed,7,2025-04-04,-0.015486961726983545,-0.02350297843571054,0.008016016708726998,5,5,B,LRCX-VLO,3,2025-04-03,2025-04-15,stop_loss,-1315.9965385175396,-8157.356017306769,6841.359478789229
B,v1_outperformed,8,2025-06-23,0.011554871588374602,0.0037928923383951886,0.007761979249979413,5,1,A,CF-FIX,12,2025-06-13,2025-06-23,signal,5659.045613466224,1127.243455950665,4531.802157515558
B,v1_outperformed,8,2025-06-23,0.011554871588374602,0.0037928923383951886,0.007761979249979413,5,2,A,CF-FIX,15,2025-06-13,2025-06-23,signal,5484.774315234971,1107.398408335485,4377.375906899486
B,v1_outperformed,8,2025-06-23,0.011554871588374602,0.0037928923383951886,0.007761979249979413,5,3,A,CF-FIX,13,2025-06-13,2025-06-23,signal,5717.9874040679115,2001.4278858524763,3716.559518215435
B,v1_outperformed,8,2025-06-23,0.011554871588374602,0.0037928923383951886,0.007761979249979413,5,4,A,CF-FIX,11,2025-06-13,2025-06-23,signal,5707.258465256498,2024.614196725719,3682.6442685307793
B,v1_outperformed,8,2025-06-23,0.011554871588374602,0.0037928923383951886,0.007761979249979413,5,5,A,CF-FIX,14,2025-06-13,2025-06-23,signal,5544.666256769103,1998.7564042940837,3545.909852475019
B,v1_outperformed,9,2025-07-31,0.01262842707073553,0.005833391027540638,0.006795036043194891,5,1,A,GLW-META,16,2025-07-29,2025-08-21,max_holding_loss,8481.90627546962,3341.825063726041,5140.08121174358
B,v1_outperformed,9,2025-07-31,0.01262842707073553,0.005833391027540638,0.006795036043194891,5,2,A,GLW-META,14,2025-07-29,2025-08-21,max_holding_loss,8404.121536982831,3309.231420413423,5094.890116569408
B,v1_outperformed,9,2025-07-31,0.01262842707073553,0.005833391027540638,0.006795036043194891,5,3,A,GLW-META,17,2025-07-29,2025-08-21,max_holding_loss,8164.699283768531,3266.966864844905,4897.732418923626
B,v1_outperformed,9,2025-07-31,0.01262842707073553,0.005833391027540638,0.006795036043194891,5,4,A,GLW-META,15,2025-07-29,2025-08-21,max_holding_loss,8254.808858664363,3487.2820909161464,4767.526767748216
B,v1_outperformed,9,2025-07-31,0.01262842707073553,0.005833391027540638,0.006795036043194891,5,5,A,GLW-META,18,2025-07-29,2025-08-21,max_holding_loss,8000.6005778498475,3425.888716861535,4574.711860988313
B,v1_outperformed,10,2025-04-28,0.007478520327367545,0.0009479927025087493,0.006530527624858796,5,1,A,EBAY-IBM,13,2025-04-24,2025-04-28,signal,3725.3208507443333,167.7642647324344,3557.5565860118986
B,v1_outperformed,10,2025-04-28,0.007478520327367545,0.0009479927025087493,0.006530527624858796,5,2,A,EBAY-IBM,11,2025-04-24,2025-04-28,signal,3718.3308494316198,169.70779436095782,3548.623055070662
B,v1_outperformed,10,2025-04-28,0.007478520327367545,0.0009479927025087493,0.006530527624858796,5,3,A,EBAY-IBM,14,2025-04-24,2025-04-28,signal,3612.4005453501954,167.54033503576235,3444.860210314433
B,v1_outperformed,10,2025-04-28,0.007478520327367545,0.0009479927025087493,0.006530527624858796,5,4,A,EBAY-IBM,12,2025-04-24,2025-04-28,signal,3686.91973755677,850.3931308687471,2836.526606688023
B,v1_outperformed,10,2025-04-28,0.007478520327367545,0.0009479927025087493,0.006530527624858796,5,5,A,EBAY-IBM,15,2025-04-24,2025-04-28,signal,3573.3804001798985,835.422015193048,2737.9583849868504
B,v2_outperformed,1,2024-01-03,-0.03184841246509552,-0.010470585195541383,-0.021377827269554135,1,1,A,ELV-WAT,0,2024-01-02,2024-01-03,stop_loss,-9270.2812347412,-3768.6208648681627,-5501.660369873038
B,v2_outperformed,1,2024-01-03,-0.03184841246509552,-0.010470585195541383,-0.021377827269554135,1,2,A,ELV-KEY,0,2024-01-02,2024-01-17,max_holding_loss,-4959.386463165283,-1253.8297457695005,-3705.5567173957825
B,v2_outperformed,1,2024-01-03,-0.03184841246509552,-0.010470585195541383,-0.021377827269554135,1,3,A,ELV-TFC,0,2024-01-02,2024-01-17,max_holding_loss,-4439.0851192474365,-1248.1087551116943,-3190.976364135742
B,v2_outperformed,1,2024-01-03,-0.03184841246509552,-0.010470585195541383,-0.021377827269554135,1,4,A,ELV-USB,0,2024-01-02,2024-01-17,stop_loss,-4404.144853591919,-1242.5898818969727,-3161.5549716949463
B,v2_outperformed,1,2024-01-03,-0.03184841246509552,-0.010470585195541383,-0.021377827269554135,1,5,A,ELV-NTRS,0,2024-01-02,2024-01-04,stop_loss,-4231.386657714844,-1418.452178955078,-2812.9344787597656
B,v2_outperformed,2,2024-01-09,-0.015210543213178211,-0.004776359913225198,-0.010434183299953013,1,1,A,ELV-USB,0,2024-01-02,2024-01-17,stop_loss,-3541.4232845306396,-999.1245040893555,-2542.298780441284
B,v2_outperformed,2,2024-01-09,-0.015210543213178211,-0.004776359913225198,-0.010434183299953013,1,2,A,ELV-KEY,0,2024-01-02,2024-01-17,max_holding_loss,-3401.676685333252,-859.9580416679382,-2541.7186436653137
B,v2_outperformed,2,2024-01-09,-0.015210543213178211,-0.004776359913225198,-0.010434183299953013,1,3,A,ELV-TFC,0,2024-01-02,2024-01-17,max_holding_loss,-3193.610885620117,-897.4432983398438,-2296.1675872802734
B,v2_outperformed,2,2024-01-09,-0.015210543213178211,-0.004776359913225198,-0.010434183299953013,1,4,A,ELV-HBAN,0,2024-01-02,2024-01-17,max_holding_loss,-3448.414542198181,-1178.7086100578308,-2269.7059321403503
B,v2_outperformed,2,2024-01-09,-0.015210543213178211,-0.004776359913225198,-0.010434183299953013,1,5,B,TYL-VTR,0,2024-01-08,2024-01-10,guard_trip,-649.87255859375,-309.2822265625,-340.59033203125
B,v2_outperformed,3,2024-01-17,-0.016135530260969172,-0.0057554040964314926,-0.010380126164537679,1,1,A,ELV-USB,0,2024-01-02,2024-01-17,stop_loss,-3473.1702098846417,-979.877647399896,-2493.2925624847458
B,v2_outperformed,3,2024-01-17,-0.016135530260969172,-0.0057554040964314926,-0.010380126164537679,1,2,A,ELV-TFC,0,2024-01-02,2024-01-17,max_holding_loss,-3220.1072750091457,-904.9827480316135,-2315.1245269775322
B,v2_outperformed,3,2024-01-17,-0.016135530260969172,-0.0057554040964314926,-0.010380126164537679,1,3,A,ELV-KEY,0,2024-01-02,2024-01-17,max_holding_loss,-2867.3210792541395,-724.8671240806549,-2142.4539551734847
B,v2_outperformed,3,2024-01-17,-0.016135530260969172,-0.0057554040964314926,-0.010380126164537679,1,4,A,CMS-SYY,0,2024-01-11,2024-01-24,stop_loss,-2070.152763366699,-910.9179611206055,-1159.2348022460938
B,v2_outperformed,3,2024-01-17,-0.016135530260969172,-0.0057554040964314926,-0.010380126164537679,1,5,A,ELV-HBAN,0,2024-01-02,2024-01-17,max_holding_loss,-1518.0770196914646,-518.6176152229269,-999.4594044685376
B,v2_outperformed,4,2024-10-31,-0.02062502509548486,-0.011474973277111295,-0.009150051818373566,5,1,A,ETR-FE,5,2024-10-30,2024-10-31,stop_loss,-7033.117870986748,-2493.572307503164,-4539.5455634835835
B,v2_outperformed,4,2024-10-31,-0.02062502509548486,-0.011474973277111295,-0.009150051818373566,5,2,A,MET-PNR,6,2024-10-25,2024-10-31,stop_loss,-5116.414026298906,-1282.7396775467876,-3833.674348752118
B,v2_outperformed,4,2024-10-31,-0.02062502509548486,-0.011474973277111295,-0.009150051818373566,5,3,A,MET-PNR,4,2024-10-25,2024-10-31,stop_loss,-4961.560764684047,-2249.953333948014,-2711.607430736033
B,v2_outperformed,4,2024-10-31,-0.02062502509548486,-0.011474973277111295,-0.009150051818373566,5,4,A,MET-PNR,5,2024-10-25,2024-10-31,stop_loss,-4900.735660085827,-2248.9691248045115,-2651.766535281315
B,v2_outperformed,4,2024-10-31,-0.02062502509548486,-0.011474973277111295,-0.009150051818373566,5,5,A,MET-PNR,7,2024-10-25,2024-10-31,stop_loss,-4819.8975149645075,-2221.1761735109735,-2598.721341453534
B,v2_outperformed,5,2024-01-11,-0.009965855109763574,-0.0024456604043599705,-0.007520194705403604,1,1,A,ELV-USB,0,2024-01-02,2024-01-17,stop_loss,-3025.4404563903813,-853.5726470947264,-2171.8678092956548
B,v2_outperformed,5,2024-01-11,-0.009965855109763574,-0.0024456604043599705,-0.007520194705403604,1,2,A,ELV-HBAN,0,2024-01-02,2024-01-17,max_holding_loss,-3080.438352584839,-1053.0825719833374,-2027.3557806015015
B,v2_outperformed,5,2024-01-11,-0.009965855109763574,-0.0024456604043599705,-0.007520194705403604,1,3,A,ELV-TFC,0,2024-01-02,2024-01-17,max_holding_loss,-2679.907154083252,-753.2333869934082,-1926.6737670898438
B,v2_outperformed,5,2024-01-11,-0.009965855109763574,-0.0024456604043599705,-0.007520194705403604,1,4,A,ELV-KEY,0,2024-01-02,2024-01-17,max_holding_loss,-2195.5295219421387,-555.038731098175,-1640.4907908439636
B,v2_outperformed,5,2024-01-11,-0.009965855109763574,-0.0024456604043599705,-0.007520194705403604,1,5,B,TYL-VRTX,0,2024-01-04,2024-01-16,stop_loss,-714.3538818359375,-460.6210632324219,-253.73281860351562
B,v2_outperformed,6,2024-10-30,-0.014612139958039167,-0.007529158995421265,-0.007082980962617902,5,1,A,AVY-SW,6,2024-10-23,2024-10-31,stop_loss,-8142.880308254781,-1857.9431773424024,-6284.937130912379
B,v2_outperformed,6,2024-10-30,-0.014612139958039167,-0.007529158995421265,-0.007082980962617902,5,2,A,AVY-SW,4,2024-10-23,2024-10-31,stop_loss,-7896.428092270846,-3258.8728011767844,-4637.555291094061
B,v2_outperformed,6,2024-10-30,-0.014612139958039167,-0.007529158995421265,-0.007082980962617902,5,3,A,AVY-SW,5,2024-10-23,2024-10-31,stop_loss,-7799.623661680486,-3257.4472549843213,-4542.176406696165
B,v2_outperformed,6,2024-10-30,-0.014612139958039167,-0.007529158995421265,-0.007082980962617902,5,4,A,AVY-SW,7,2024-10-23,2024-10-31,stop_loss,-7670.968057055699,-3217.1914453778118,-4453.776611677888
B,v2_outperformed,6,2024-10-30,-0.014612139958039167,-0.007529158995421265,-0.007082980962617902,5,5,A,AVY-SW,8,2024-10-23,2024-10-31,stop_loss,-7559.424223481037,-3200.099850397805,-4359.324373083233
B,v2_outperformed,7,2025-06-10,-0.010828211581494872,-0.004656237011786558,-0.006171974569708314,5,1,A,CSGP-NTAP,14,2025-06-03,2025-06-11,stop_loss,-2614.76745368281,-600.5706293072114,-2014.1968243755985
B,v2_outperformed,7,2025-06-10,-0.010828211581494872,-0.004656237011786558,-0.006171974569708314,5,2,A,CSGP-NTAP,17,2025-06-03,2025-06-11,stop_loss,-2534.2452331794498,-589.9976224984665,-1944.2476106809831
B,v2_outperformed,7,2025-06-10,-0.010828211581494872,-0.004656237011786558,-0.006171974569708314,5,3,A,CSGP-NTAP,15,2025-06-03,2025-06-11,stop_loss,-2683.268652209199,-1027.5709520180162,-1655.6977001911828
B,v2_outperformed,7,2025-06-10,-0.010828211581494872,-0.004656237011786558,-0.006171974569708314,5,4,A,CSGP-NTAP,13,2025-06-03,2025-06-11,stop_loss,-2666.3465873807295,-1017.0412546417355,-1649.305332738994
B,v2_outperformed,7,2025-06-10,-0.010828211581494872,-0.004656237011786558,-0.006171974569708314,5,5,A,CSGP-NTAP,16,2025-06-03,2025-06-11,stop_loss,-2590.385916775095,-1004.0518951315297,-1586.3340216435654
B,v2_outperformed,8,2025-01-21,-0.010410999302930954,-0.004959111340094875,-0.005451887962836079,5,1,A,SYK-USB,8,2025-01-16,2025-01-31,max_holding_loss,-2032.833326721745,-815.2949113941334,-1217.5384153276116
B,v2_outperformed,8,2025-01-21,-0.010410999302930954,-0.004959111340094875,-0.005451887962836079,5,2,A,SYK-USB,10,2025-01-16,2025-01-31,max_holding_loss,-2019.266337256738,-803.7495553369612,-1215.5167819197768
B,v2_outperformed,8,2025-01-21,-0.010410999302930954,-0.004959111340094875,-0.005451887962836079,5,3,A,SYK-USB,9,2025-01-16,2025-01-31,max_holding_loss,-1999.9195405335995,-813.6874448782154,-1186.232095655384
B,v2_outperformed,8,2025-01-21,-0.010410999302930954,-0.004959111340094875,-0.005451887962836079,5,4,A,SYK-USB,11,2025-01-16,2025-01-31,max_holding_loss,-1974.9206074734839,-804.8821982740266,-1170.0384091994574
B,v2_outperformed,8,2025-01-21,-0.010410999302930954,-0.004959111340094875,-0.005451887962836079,5,5,A,SYK-USB,12,2025-01-16,2025-01-31,max_holding_loss,-1938.331668837949,-799.3625304121879,-1138.9691384257612
B,v2_outperformed,9,2025-10-21,-0.005824478269317678,-0.0005420882833915706,-0.005282389985926107,5,1,A,KO-WST,19,2025-10-17,2025-10-21,stop_loss,-10596.22817699196,-2609.2491796928057,-7986.978997299153
B,v2_outperformed,9,2025-10-21,-0.005824478269317678,-0.0005420882833915706,-0.005282389985926107,5,2,A,KO-WST,17,2025-10-17,2025-10-21,stop_loss,-10500.893054583417,-2583.2641299811717,-7917.628924602246
B,v2_outperformed,9,2025-10-21,-0.005824478269317678,-0.0005420882833915706,-0.005282389985926107,5,3,A,KO-WST,20,2025-10-17,2025-10-21,stop_loss,-10201.736567516065,-2550.2714206480455,-7651.46514686802
B,v2_outperformed,9,2025-10-21,-0.005824478269317678,-0.0005420882833915706,-0.005282389985926107,5,4,A,KO-WST,18,2025-10-17,2025-10-21,stop_loss,-10302.604630443391,-2721.013201686473,-7581.591428756918
B,v2_outperformed,9,2025-10-21,-0.005824478269317678,-0.0005420882833915706,-0.005282389985926107,5,5,A,KO-WST,21,2025-10-17,2025-10-21,stop_loss,-9985.334121112619,-2673.1099415132226,-7312.224179599396
B,v2_outperformed,10,2024-02-15,-0.010574929606891291,-0.005591603778912296,-0.004983325827978995,2,1,A,EQIX-MCO,0,2024-02-13,2024-02-15,stop_loss,-7539.861755371093,-2946.9132385253843,-4592.948516845709
B,v2_outperformed,10,2024-02-15,-0.010574929606891291,-0.005591603778912296,-0.004983325827978995,2,2,A,CME-FANG,0,2024-02-12,2024-02-15,stop_loss,-7872.506698608395,-5115.9490509033185,-2756.5576477050763
B,v2_outperformed,10,2024-02-15,-0.010574929606891291,-0.005591603778912296,-0.004983325827978995,2,3,A,FFIV-IBM,0,2024-01-25,2024-02-16,max_holding_loss,-2699.0116424560547,-1312.5496673583982,-1386.4619750976565
B,v2_outperformed,10,2024-02-15,-0.010574929606891291,-0.005591603778912296,-0.004983325827978995,2,4,A,EQIX-SNA,0,2024-02-08,2024-02-23,max_holding_loss,-2838.1444091796875,-1482.9875488281252,-1355.1568603515623
B,v2_outperformed,10,2024-02-15,-0.010574929606891291,-0.005591603778912296,-0.004983325827978995,2,5,A,EQIX-MCO,1,2024-02-13,2024-02-15,stop_loss,-738.8116218907812,-292.4965624776778,-446.3150594131034
